entry_time,exit_time,entry_price,exit_price,pnl_pct,exit_reason,exit_reason_desc,position_type,return_1d,return_3d,return_5d,return_10d,es_decline_pct
2013-03-01 00:00:00,2013-04-05 07:30:00,1511.5,1536.6399999999999,1.6132484287131932,5,Trailing Stop Loss,long,0.893152497519023,1.7532252729077102,2.2163413827323897,2.712537214687405,-0.5
2013-04-06 00:00:00,2013-04-15 11:53:00,1547.0,1561.1399999999999,0.8640271493212504,5,Trailing Stop Loss,long,0.8726567550096931,2.2786037491919764,2.262443438914019,0.09696186166774368,-0.5
2013-04-16 00:00:00,2013-04-17 11:28:00,1551.5,1539.335,-0.8340799226554896,5,Trailing Stop Loss,long,-0.2739284563325839,-0.19336126329358994,1.5468901063486973,2.5942636158556187,-0.5
2013-04-18 09:58:00,2013-05-03 08:32:00,1545.75,1607.5800000000002,3.9500000000000037,3,Take Profit,long,0.1779071648067232,1.9246320556364216,2.0054989487303887,4.0918647905547445,-0.5
2013-05-07 00:00:00,2013-05-22 09:03:00,1611.75,1676.22,3.9500000000000037,3,Take Profit,long,1.0082208779277124,1.0857763300760048,2.1715526601520097,3.350395532805961,-0.5
2013-05-24 00:00:00,2013-05-29 10:00:00,1646.25,1639.295,-0.47247532270310866,5,Trailing Stop Loss,long,0.5922551252847352,0.09111617312071996,-1.1389521640091105,-0.44039483675019087,-0.5
2013-05-30 00:00:00,2013-05-31 14:58:00,1647.75,1631.2725,-1.050000000000001,1,Fixed Percentage Stop Loss,long,-1.228948566226673,-1.077226521013508,-1.502048247610377,-0.7130936125018916,-0.5
2013-06-01 00:00:00,2013-06-03 00:00:00,1627.5,1631.75,0.21113671274961004,4,MA Crossover,long,0.4608294930875667,-0.952380952380949,0.7066052227342468,-0.5990783410138256,-0.5
2013-06-03 00:00:00,2013-06-05 10:04:00,1631.75,1615.4325,-1.050000000000012,1,Fixed Percentage Stop Loss,long,-0.10724682089781057,-0.5362341044890417,0.4749502068331468,0.13788876972575803,-0.5
2013-06-06 10:39:00,2013-06-12 11:13:00,1612.5,1615.53,0.1379069767441788,5,Trailing Stop Loss,long,1.6434108527131785,-0.5736434108527089,0.32558139534883956,-1.782945736434105,-0.5
2013-06-13 10:43:00,2013-06-19 20:40:00,1619.0,1616.02,-0.23406423718344554,5,Trailing Stop Loss,long,-0.07720815318097429,-0.2007411982705376,-2.1772699197035172,-1.4051883878937632,-0.5
2013-07-08 00:00:00,2013-07-21 20:03:00,1628.75,1693.9,3.9500000000000037,3,Take Profit,long,0.9056024558710574,2.425172678434384,2.9777436684574,4.052187260168849,-0.5
2013-07-22 08:42:00,2013-08-15 00:00:00,1687.0,1679.75,-0.4797569650266731,4,MA Crossover,long,-0.25192649673977385,0.0,-0.05927682276229973,0.1778304682868992,-0.5
2013-09-10 00:00:00,2013-09-23 09:58:00,1670.75,1692.215,1.2347523567260266,5,Trailing Stop Loss,long,1.0175071075864128,0.7182403112374613,1.7058207391889901,1.2718838844830271,-0.5
2013-09-24 00:00:00,2013-09-29 17:00:00,1690.25,1673.3475,-1.0499999999999898,1,Fixed Percentage Stop Loss,long,-0.11832569146575933,-0.2958142286644039,-0.20706996006507605,-2.02632746635113,-0.5
2013-09-30 00:00:00,2013-10-02 00:00:00,1675.0,1686.75,0.6514925373134417,4,MA Crossover,long,0.7014925373134417,-0.3582089552238821,-0.4626865671641833,1.8358208955223887,-0.5
2013-10-02 00:00:00,2013-10-03 10:29:00,1686.75,1669.8825,-1.050000000000001,1,Fixed Percentage Stop Loss,long,-1.0523195494293813,-1.1560693641618491,-1.7785682525566893,1.452497406254638,-0.5
2013-10-04 01:50:00,2013-10-08 11:25:00,1671.75,1655.0325,-1.050000000000001,1,Fixed Percentage Stop Loss,long,-0.9421265141319024,0.8224914012262552,1.6898459697921364,3.9030955585464433,-0.5
2013-10-10 10:04:00,2013-10-18 12:52:00,1672.0,1738.88,3.9500000000000037,3,Take Profit,long,1.674641148325362,2.347488038277512,3.8875598086124397,4.889354066985652,-0.5
2013-10-22 00:00:00,2013-11-08 07:31:00,1737.0,1739.01,0.06571675302244344,5,Trailing Stop Loss,long,0.5325273459988455,0.9643062751871101,1.7271157167530138,1.5256188831318296,-0.5
2013-11-10 17:01:00,2013-12-11 21:21:00,1765.5,1776.25,0.5588926649674419,5,Trailing Stop Loss,long,-0.3681676578872861,1.35938827527613,1.6284338714245283,2.024922118380057,-0.5
2013-12-16 05:43:00,2014-01-13 14:45:00,1778.0,1809.57,1.7255905511811054,5,Trailing Stop Loss,long,1.2795275590551158,2.2075365579302675,2.8824521934758263,3.8385826771653475,-0.5
2014-01-14 00:00:00,2014-01-24 00:00:00,1815.25,1823.75,0.4182550612863156,4,MA Crossover,long,1.5011706376532263,1.0191433686820073,1.4460818069136572,-1.0053711609971039,-0.5
2014-02-11 10:29:00,2014-03-06 08:55:00,1808.5,1880.8400000000001,3.9500000000000037,3,Take Profit,long,0.5114735969035111,1.4100082941664427,0.5944152612662457,2.0735416090682968,-0.5
2014-03-07 02:04:00,2014-03-12 05:43:00,1878.0,1859.22,-1.050000000000001,1,Fixed Percentage Stop Loss,long,-0.7321618743344027,-1.5841320553780625,-2.422790202342917,-1.104898828541001,-0.5
2014-03-13 00:00:00,2014-03-13 11:35:00,1873.25,1854.5175,-1.050000000000001,1,Fixed Percentage Stop Loss,long,-2.1753636727612435,-0.4804484185239599,-0.3603363138929616,-1.521419991992523,-0.5
2014-03-17 00:00:00,2014-03-26 00:00:00,1831.75,1861.25,1.560481779718853,4,MA Crossover,long,1.7742595878258438,1.897092943906098,1.1327965060734302,1.8697966425549328,-0.5
2014-03-26 00:00:00,2014-03-26 15:01:00,1861.25,1842.6375,-1.050000000000001,1,Fixed Percentage Stop Loss,long,-0.8865010073875079,0.25520483546004336,1.1551376762928056,0.16118200134318528,-0.5
2014-03-27 09:30:00,2014-04-07 01:16:00,1846.75,1854.6499999999999,0.37777852984972055,5,Trailing Stop Loss,long,0.175984838229315,1.949370515770954,0.7987004196561509,-1.9087586300257198,-0.5
2014-04-09 11:20:00,2014-04-10 12:24:00,1852.25,1833.7275,-1.050000000000001,1,Fixed Percentage Stop Loss,long,-2.200026994196247,-0.33742745309758293,0.28343906060197543,1.0392765555405692,-0.5
2014-04-16 13:51:00,2014-04-28 12:33:00,1852.5,1844.85,-0.4629554655870505,5,Trailing Stop Loss,long,0.26990553306343035,1.1605937921727483,1.025641025641022,1.3765182186234792,-0.5
2014-04-29 00:00:00,2014-05-15 10:26:00,1869.25,1860.53,-0.516497258258658,5,Trailing Stop Loss,long,0.4146047880165815,0.17386652400694924,-0.32098435201284303,1.4444295840577714,-0.5
2014-05-16 00:00:00,2014-06-05 22:45:00,1867.0,1941.68,3.9500000000000037,3,Take Profit,long,0.7900374933047738,1.2051419389394802,1.5800749866095254,2.7852169255490056,-0.5
2014-06-06 01:02:00,2014-06-13 05:36:00,1939.75,1920.3525,-1.050000000000001,1,Fixed Percentage Stop Loss,long,0.4768655754607609,-0.37375950509086486,-0.6315246810155939,0.7217424925892502,-0.5
2014-06-16 00:00:00,2014-07-31 00:00:00,1921.0,1962.5,2.1103331598125887,4,MA Crossover,long,0.7418011452368534,1.5096304008328953,1.5616866215512726,1.7699115044247815,-0.5
2014-08-18 00:00:00,2014-09-14 00:00:00,1958.25,1975.75,0.8436550491510209,4,MA Crossover,long,0.8936550491510209,1.6468785905783268,1.8128430997063738,2.2469041235797294,-0.5
2014-09-15 00:00:00,2014-09-23 00:00:00,1969.75,1987.0,0.8257456530016583,4,MA Crossover,long,1.028049244828022,2.20840208148243,0.8757456530016583,0.06345982992765897,-0.5
2014-09-24 00:00:00,2014-10-01 08:39:00,1974.5,1954.7549999999999,-1.050000000000001,1,Fixed Percentage Stop Loss,long,-0.5444416307926025,-0.17726006583945741,-1.6080020258293248,-0.4937958976956147,-0.5
2014-10-28 00:00:00,2014-11-13 00:19:00,1960.75,2039.18,3.9500000000000037,3,Take Profit,long,0.5865102639296182,2.473543287007529,2.7667984189723382,3.6975647073823836,-0.5
2014-11-13 10:39:00,2014-12-09 08:36:00,2033.25,2037.42,0.1550903725562492,5,Trailing Stop Loss,long,0.2950940612320263,0.5041190212713653,1.4016967908520916,1.6476085085454395,-0.5
2014-12-18 03:30:00,2015-01-02 09:43:00,2028.0,2046.975,0.8856508875739688,5,Trailing Stop Loss,long,1.7628205128205066,2.4654832347140054,2.8353057199210996,0.8999013806706202,-0.5
2015-01-08 09:58:00,2015-01-12 08:36:00,2051.25,2030.7375,-1.050000000000001,1,Fixed Percentage Stop Loss,long,-0.8653260207190705,-1.6331505179768446,-1.815965874466785,-0.3900060938452188,-0.5
2015-01-22 07:40:00,2015-01-22 08:41:00,2046.0,2025.54,-1.050000000000001,1,Fixed Percentage Stop Loss,long,-0.13440860215053752,-2.7248289345063514,-2.7492668621700855,0.4887585532746819,-0.5
2015-01-23 08:07:00,2015-01-25 17:00:00,2052.0,2031.48,-1.050000000000001,1,Fixed Percentage Stop Loss,long,-0.4264132553606248,-1.8762183235867425,-3.0336257309941494,0.19493177387914784,-0.5
2015-01-26 09:40:00,2015-01-27 08:35:00,2043.5,2023.065,-1.050000000000001,1,Fixed Percentage Stop Loss,long,-2.6058233423048693,-2.6302911671152396,-0.0856373868363125,0.8196721311475308,-0.5
2015-02-03 12:31:00,2015-02-25 12:34:00,2035.5,2116.92,3.9500000000000037,3,Take Profit,long,0.9457135838860209,1.00712355686563,1.449275362318847,2.8862687300417633,-0.5
2015-02-26 08:55:00,2015-03-06 10:06:00,2106.25,2085.1875,-1.050000000000001,1,Fixed Percentage Stop Loss,long,-0.08308605341246222,-0.4272997032640946,-1.6142433234421327,-2.9910979228486623,-0.5
2015-03-09 00:00:00,2015-03-10 13:24:00,2067.5,2046.825,-1.050000000000001,1,Fixed Percentage Stop Loss,long,-0.8948004836759393,-0.04836759371221744,-0.04836759371221744,1.4026602176541614,-0.5
2015-03-12 10:15:00,2015-03-13 09:59:00,2059.75,2039.1525,-1.050000000000001,1,Fixed Percentage Stop Loss,long,-0.8010680907877155,1.7477849253550115,1.9419832503944745,-0.3641218594489626,-0.5
2015-03-16 08:51:00,2015-03-25 11:22:00,2063.0,2064.86,0.04015996122152536,5,Trailing Stop Loss,long,1.5874939408628164,1.7813863305865318,1.0058167716917144,-0.7270964614638831,-0.5
2015-03-30 09:00:00,2015-03-31 19:12:00,2075.25,2054.4975,-1.050000000000001,1,Fixed Percentage Stop Loss,long,-1.1444404288639909,-1.7106372726177543,-0.3614022406938977,0.7107577400313314,-0.5
2015-04-10 00:00:00,2015-04-30 13:57:00,2084.25,2077.355,-0.38081444164567707,5,Trailing Stop Loss,long,0.26388389108791266,0.8756147295190031,-0.3838311143097073,1.3194194554396077,-0.5
2015-05-01 00:00:00,2015-05-06 00:00:00,2083.0,2091.0,0.3340614498319628,4,MA Crossover,long,1.164186269803169,-0.30004800768123063,1.188190110417664,1.7762842054728667,-0.5
2015-05-06 00:00:00,2015-05-06 12:34:00,2091.0,2070.09,-1.0499999999999898,1,Fixed Percentage Stop Loss,long,-0.21520803443328962,0.3108560497369739,0.21520803443328962,1.327116212338586,-0.5
2015-05-07 10:20:00,2015-06-01 00:00:00,2080.75,2110.25,1.367758019944726,4,MA Crossover,long,1.2976090352036618,0.708879009972363,1.8863390604349384,2.1026072329688894,-0.5
2015-06-01 00:00:00,2015-06-05 07:30:00,2110.25,2089.1475,-1.050000000000001,1,Fixed Percentage Stop Loss,long,-0.10662243809974603,-0.6041938158985904,-1.4097855704300444,-1.8007345101291317,-0.5
2015-06-10 10:13:00,2015-06-12 09:34:00,2106.5,2085.435,-1.050000000000001,1,Fixed Percentage Stop Loss,long,-1.0443864229765065,-0.8070258723000268,0.3204367434132438,-0.6052694042250173,-0.5
2015-06-18 08:46:00,2015-06-28 00:00:00,2104.0,2095.5,-0.4539923954372582,4,MA Crossover,long,-0.332699619771859,0.0,-0.4039923954372582,-1.7585551330798532,-0.5
2015-07-14 00:00:00,2015-07-24 11:26:00,2093.75,2083.725,-0.5288059701492542,5,Trailing Stop Loss,long,0.8119402985074631,1.2417910447761304,0.5850746268656781,-0.40597014925373154,-0.5
2015-07-29 01:34:00,2015-08-04 00:00:00,2089.0,2089.25,-0.038032551460026556,4,MA Crossover,long,0.4906653901388225,-0.1316419339396857,-0.34705600765916333,-0.4427955959789398,-0.5
2015-08-05 02:16:00,2015-08-07 09:28:00,2089.0,2068.11,-1.0499999999999898,1,Fixed Percentage Stop Loss,long,-0.7898516036381031,-1.1010052656773572,-0.4427955959789398,-3.5423647678314962,-0.5
2015-08-10 07:21:00,2015-08-11 20:27:00,2088.0,2067.12,-1.050000000000001,1,Fixed Percentage Stop Loss,long,0.03591954022987842,0.08381226053639779,0.1436781609195359,-9.219348659003835,-0.5
2015-08-12 21:33:00,2015-08-19 00:00:00,2088.0,2091.0,0.09367816091953589,4,MA Crossover,long,0.08381226053639779,0.1436781609195359,-3.4961685823754807,-5.07662835249042,-0.5
2015-08-19 00:00:00,2015-08-19 10:25:00,2091.0,2070.09,-1.0499999999999898,1,Fixed Percentage Stop Loss,long,-3.634624581539936,-8.249641319942613,-7.293161166905781,-6.8627450980392135,-0.5
2015-10-06 00:00:00,2015-10-22 15:04:00,1970.25,2049.06,3.9500000000000037,3,Take Profit,long,0.2410861565791178,1.83986803705114,1.1927420378124554,3.0072325846973724,-0.5
2015-10-23 09:49:00,2015-11-09 10:15:00,2064.0,2068.045,0.14597868217053894,5,Trailing Stop Loss,long,-0.04844961240310086,1.4413759689922534,0.4844961240310086,1.429263565891481,-0.5
2015-11-10 00:00:00,2015-11-12 08:16:00,2077.0,2056.23,-1.050000000000001,1,Fixed Percentage Stop Loss,long,-0.10832932113625793,-3.081367356764564,-1.4564275397207505,0.49350024073182563,-0.5
2015-11-16 01:03:00,2015-11-20 08:46:00,2011.75,2092.2200000000003,3.9500000000000037,3,Take Profit,long,3.5292655648067495,3.8275133590157884,3.752951410463523,4.374300981732326,-0.5
2015-11-23 13:03:00,2015-12-03 11:20:00,2083.25,2062.9,-1.0268390735629407,5,Trailing Stop Loss,long,0.31201248049921304,0.34801392055683333,0.7920316812672468,-0.9600384015360564,-0.5
2015-12-04 02:05:00,2015-12-08 00:00:00,2060.75,2072.25,0.5080492539124071,4,MA Crossover,long,0.12131505519834551,-0.3518136600752175,-3.0086133689190775,-3.202717457236448,-0.5
2015-12-08 00:00:00,2015-12-08 08:37:00,2072.25,2051.5275,-1.0499999999999898,1,Fixed Percentage Stop Loss,long,-1.1219688744118717,-3.546869344914949,-1.4718301363252473,-1.8940764869103677,-0.5
2015-12-16 14:39:00,2015-12-17 09:50:00,2067.25,2046.5774999999999,-1.050000000000001,1,Fixed Percentage Stop Loss,long,-3.507074616035799,-1.6567904220582852,-0.7981618091667642,-1.5237634538638245,-0.5
2015-12-29 10:49:00,2015-12-31 08:31:00,2064.25,2043.6075,-1.050000000000001,1,Fixed Percentage Stop Loss,long,-1.380646723991763,-1.380646723991763,-5.074482257478508,-8.47765532275645,-0.5
2016-02-22 15:52:00,2016-02-23 15:30:00,1934.0,1914.66,-1.050000000000001,1,Fixed Percentage Stop Loss,long,-0.10341261633919352,0.37487073422957096,2.4819027921406445,2.6370217166494347,-0.5
2016-03-02 09:31:00,2016-03-10 11:42:00,1968.5,1970.045,0.02848615697232386,5,Trailing Stop Loss,long,1.3335026670053374,0.8382016764033606,1.7018034036068164,3.2512065024129955,-0.5
2016-03-11 00:00:00,2016-04-07 13:09:00,1992.25,2030.07,1.8483561300037532,5,Trailing Stop Loss,long,0.627431296273051,1.3678002258752597,2.3340444221357837,1.9073911406700894,-0.5
2016-04-08 00:00:00,2016-04-29 08:28:00,2040.75,2063.145,1.047390665196607,5,Trailing Stop Loss,long,-0.2082567683449721,1.604802156070062,1.6660541467597767,2.217322062967053,-0.5
2016-05-02 00:00:00,2016-05-03 00:00:00,2058.75,2073.5,0.6664541590771067,4,MA Crossover,long,-0.2671523982999413,-0.8378870673952599,-0.012143290831811981,0.2064359441408703,-0.5
2016-05-03 00:00:00,2016-05-03 09:04:00,2073.5,2052.765,-1.050000000000001,1,Fixed Percentage Stop Loss,long,-0.988666505907887,-0.9283819628647216,0.036170725825890315,-1.5312273932963638,-0.5
2016-05-04 09:32:00,2016-05-15 17:00:00,2048.5,2038.155,-0.5550036612155196,5,Trailing Stop Loss,long,0.2806931901391252,1.2570173297534737,0.20746887966804906,-0.1952648279228697,-0.5
2016-05-16 10:32:00,2016-05-17 14:26:00,2058.25,2037.6675,-1.050000000000001,1,Fixed Percentage Stop Loss,long,-1.0567229442487558,-0.40082594437022,1.0324304627717718,1.8340823515122118,-0.5
2016-05-24 08:37:00,2016-06-13 01:23:00,2061.25,2077.355,0.7313220133414233,5,Trailing Stop Loss,long,1.406913280776223,1.8071558520315278,1.5645845967252825,2.583383869011513,-0.5
2016-06-16 19:47:00,2016-06-17 10:30:00,2074.25,2053.5075,-1.0499999999999898,1,Fixed Percentage Stop Loss,long,-0.6990478486199825,0.5785223574786169,-2.699771001566831,1.0606243220441014,-0.5
2016-06-19 17:02:00,2016-06-23 20:05:00,2073.75,2077.11,0.11202531645570506,5,Trailing Stop Loss,long,0.3857745629897602,-3.604581072935509,-2.6763110307414073,1.0849909584086825,-0.5
2016-06-29 15:48:00,2016-07-13 07:36:00,2067.5,2150.2000000000003,3.9500000000000037,3,Take Profit,long,1.3905683192261264,0.253929866989111,1.0399032648125806,4.2200725513905635,-0.5
2016-07-13 10:38:00,2016-08-28 00:00:00,2141.25,2167.25,1.1642440163456003,4,MA Crossover,long,0.22183304144776095,0.7472270869818942,0.7589025102159974,0.8639813193228152,-0.5
2016-08-29 00:00:00,2016-09-09 00:00:00,2166.75,2171.5,0.1692223376024094,4,MA Crossover,long,0.42690665743625456,-0.03461405330563716,0.5769008884273674,-0.9230414214837945,-0.5
2016-11-09 09:56:00,2016-12-07 11:56:00,2134.75,2220.14,3.9500000000000037,3,Take Profit,long,1.2062302377327638,2.1079751727368645,2.2250849045555743,3.232228598196518,-0.5
2016-12-08 00:00:00,2017-02-13 12:35:00,2239.25,2328.82,3.9500000000000037,3,Take Profit,long,0.7368538573182981,1.2169253098135435,0.91548509545607,0.8931561906888374,-0.5
2017-02-14 00:00:00,2017-03-21 00:00:00,2324.25,2374.25,2.1012315800795935,4,MA Crossover,long,1.0541034742389987,1.0433473163385942,1.5919113692588915,1.860815316768849,-0.5
2017-03-28 00:24:00,2017-04-13 14:35:00,2343.25,2327.5,-0.7221433905899965,5,Trailing Stop Loss,long,0.7574949322522118,0.6081297343433212,-0.04267577083111318,-0.1386962552011095,-0.5
2017-04-25 00:00:00,2017-05-17 14:54:00,2372.75,2356.41,-0.7386524075439993,5,Trailing Stop Loss,long,0.46359709198187105,0.3371615214413648,0.4214519018017171,0.7164682330629057,-0.5
2017-05-18 01:03:00,2017-06-29 12:29:00,2364.0,2402.47,1.5773265651438162,5,Trailing Stop Loss,long,0.761421319796951,1.8929780033841048,2.1467851099830737,3.098561759729268,-0.5
2017-06-30 00:00:00,2017-08-10 00:00:00,2420.25,2467.0,1.881618634438581,4,MA Crossover,long,0.17560169403987302,0.27889680818098395,0.12395413696932867,1.5390972007023995,-0.5
2017-08-14 01:02:00,2017-08-17 15:43:00,2449.5,2425.005,-1.050000000000001,1,Fixed Percentage Stop Loss,long,0.6429883649724522,-1.0002041232904713,-0.04082465809348568,-0.030618493570111482,-0.5
2017-08-31 00:00:00,2017-10-15 21:34:00,2457.5,2555.8,3.9500000000000037,3,Take Profit,long,0.6612410986775119,0.03051881993896277,0.254323499491349,1.4242115971515812,-0.5
2017-10-19 00:06:00,2017-12-01 10:33:00,2558.75,2605.33,1.770420127015132,5,Trailing Stop Loss,long,0.576453346360517,-0.009770395701025336,0.7230092818759193,0.8793356130923247,-0.5
2017-12-02 00:00:00,2018-01-08 14:53:00,2642.75,2748.46,3.9500000000000037,3,Take Profit,long,0.0,-0.2932551319648091,0.45407246239712595,1.5230347176236947,-0.5
2018-01-09 00:00:00,2018-01-24 09:15:00,2744.5,2854.28,3.9500000000000037,3,Take Profit,long,0.33703771178721365,1.6305337948624432,1.4483512479504412,3.4432501366369106,-0.5
2018-01-25 00:00:00,2018-01-30 09:05:00,2840.0,2820.93,-0.7214788732394395,5,Trailing Stop Loss,long,1.223591549295766,-0.48415492957746276,-0.8098591549295819,-8.274647887323939,-0.5
2018-01-31 00:00:00,2018-02-02 04:13:00,2826.5,2798.235,-1.050000000000001,1,Fixed Percentage Stop Loss,long,-0.33610472315585005,-8.3849283566248,-5.45727932071467,-4.22784362285512,-0.5
2018-03-09 07:30:00,2018-03-14 11:08:00,2750.25,2751.105,-0.018911917098446376,5,Trailing Stop Loss,long,0.6544859558222038,0.10908099263702287,0.19089173711481777,-5.590400872647939,-0.5
2018-04-20 00:00:00,2018-04-20 10:11:00,2696.25,2669.2875,-1.050000000000001,1,Fixed Percentage Stop Loss,long,-0.7046824292999521,-1.780250347705148,-0.9179415855354645,-1.1961057023643917,-0.5
2018-05-09 00:00:00,2018-05-29 10:45:00,2670.25,2686.915,0.5740988671472713,5,Trailing Stop Loss,long,1.9380207845707265,2.115906750304286,1.9661080423181376,2.0222825578129378,-0.5
2018-05-30 09:30:00,2018-06-19 02:08:00,2707.25,2740.08,1.1626696832579053,5,Trailing Stop Loss,long,1.015790931757321,1.8284236771631823,2.299381290977931,2.964262628128167,-0.5
2018-06-20 00:00:00,2018-06-25 00:00:00,2768.5,2749.0,-0.7543525374751725,4,MA Crossover,long,-0.3612064294744477,-1.607368611161275,-2.0137258443200245,-1.905363915477698,-0.5
2018-06-26 09:18:00,2018-06-27 14:59:00,2729.5,2702.205,-1.050000000000001,1,Fixed Percentage Stop Loss,long,0.0,-0.3205715332478487,-0.5037552665323353,1.978384319472437,-0.5
2018-07-06 00:00:00,2018-08-02 04:36:00,2741.5,2792.5099999999998,1.8106602225059276,5,Trailing Stop Loss,long,1.869414554076232,1.5320080248039325,2.2888929418201753,2.2615356556629607,-0.5
2018-08-03 00:00:00,2018-08-15 09:28:00,2827.75,2806.475,-0.8023649544691092,5,Trailing Stop Loss,long,0.8487313234904148,1.0432322517902826,0.406683759172477,0.9017770312085505,-0.5
2018-08-16 00:00:00,2018-09-21 01:44:00,2830.0,2943.2000000000003,3.9500000000000037,3,Take Profit,long,0.8215547703180226,0.8657243816254434,1.1307420494699683,2.544169611307412,-0.5
2018-09-21 15:59:00,2018-10-04 10:59:00,2932.25,2902.9275,-1.050000000000012,1,Fixed Percentage Stop Loss,long,-0.1619916446414904,-0.33250916531674113,-0.3580867934180221,-1.270355529030609,-0.5
2018-12-03 06:02:00,2018-12-03 23:17:00,2799.25,2771.2575,-1.0499999999999898,1,Fixed Percentage Stop Loss,long,-4.599446280253638,-5.805126373135661,-5.037063499151562,-8.779137268911319,-0.5
2018-12-04 00:00:00,2018-12-04 11:15:00,2768.25,2740.5675,-1.050000000000001,1,Fixed Percentage Stop Loss,long,-3.5311117131761938,-4.750293506728076,-3.973629549354285,-7.757608597489385,-0.5
2019-01-15 10:24:00,2019-01-22 12:18:00,2599.0,2624.195,0.9194113120430891,5,Trailing Stop Loss,long,1.6352443247402926,3.001154290111585,1.539053482108499,3.3570604078491773,-0.5
2019-01-23 00:00:00,2019-02-08 10:02:00,2636.0,2682.995,1.7328148710166802,5,Trailing Stop Loss,long,0.49317147192715627,0.07587253414265138,1.9062974203338356,3.3383915022761723,-0.5
2019-02-09 00:00:00,2019-03-03 17:04:00,2708.0,2816.32,3.9500000000000037,3,Take Profit,long,0.48005908419497256,1.680206794682415,2.575701624815352,3.2219350073855235,-0.5
2019-03-04 10:04:00,2019-03-04 10:55:00,2805.25,2777.1974999999998,-1.050000000000012,1,Fixed Percentage Stop Loss,long,-1.4169860083771524,-1.8358435077087565,-0.4723286694590545,0.9892166473576269,-0.5
2019-03-05 00:00:00,2019-03-07 08:39:00,2792.0,2764.08,-1.050000000000001,1,Fixed Percentage Stop Loss,long,-0.9491404011461313,-1.3699856733524363,0.0,1.4684813753581771,-0.5
2019-03-08 00:00:00,2019-03-10 00:00:00,2748.5,2753.75,0.14101327997088636,4,MA Crossover,long,1.746407131162453,2.4467891577223844,2.9652537747862473,2.146625432053839,-0.5
2019-03-10 00:00:00,2019-03-21 13:46:00,2753.75,2863.9,3.9500000000000037,3,Take Profit,long,1.5524285065819265,2.251475261007707,2.7689514298683715,1.9518837948252488,-0.5
2019-03-22 03:46:00,2019-03-22 10:35:00,2850.75,2822.2425,-1.050000000000001,1,Fixed Percentage Stop Loss,long,-0.8418837148118863,-0.8331140927826053,-0.39463299131807794,1.6486889415066264,-0.5
2019-03-23 00:00:00,2019-04-16 02:51:00,2807.5,2919.8,3.9500000000000037,3,Take Profit,long,0.2671415850400649,-0.16028495102404783,1.13980409617096,3.2146037399821914,-0.5
2019-04-16 14:35:00,2019-05-02 10:47:00,2906.0,2902.025,-0.18678596008258602,5,Trailing Stop Loss,long,0.15485203028218208,0.15485203028218208,0.9549208534067377,0.6538196834136256,-0.5
2019-05-03 00:00:00,2019-05-05 17:13:00,2923.75,2894.5125,-1.050000000000001,1,Fixed Percentage Stop Loss,long,-0.22231722958528932,-1.7785378366823479,-1.248396750748182,-2.1376656690893503,-0.5
2019-05-06 00:00:00,2019-05-07 12:15:00,2901.75,2879.485,-0.8172955974842744,5,Trailing Stop Loss,long,-0.29292668217455464,-1.4990953734815182,-2.7569570087016437,-1.57663478935125,-0.5
2019-05-08 00:00:00,2019-05-09 02:18:00,2893.25,2864.3175,-1.050000000000001,1,Fixed Percentage Stop Loss,long,-1.2097122612978461,-2.4712693337941793,-1.6417523546185087,-1.5899075434200327,-0.5
2019-05-10 14:16:00,2019-05-12 19:09:00,2882.25,2853.4275,-1.050000000000012,1,Fixed Percentage Stop Loss,long,-1.3270882123341154,-0.38164628328563044,-0.7285974499089298,-1.7781247289443969,-0.5
2019-05-16 09:25:00,2019-05-17 07:09:00,2883.75,2854.9125,-1.050000000000001,1,Fixed Percentage Stop Loss,long,-0.7802340702210642,-1.2657130472475075,-1.8292154312960607,-4.551365409622887,-0.5
2019-05-17 09:57:00,2019-05-20 03:57:00,2885.0,2856.15,-1.050000000000001,1,Fixed Percentage Stop Loss,long,-0.6845753899480056,-1.958405545927211,-1.8717504332755652,-4.592720970537256,-0.5
2019-06-09 19:44:00,2019-07-03 11:59:00,2883.5,2998.84,3.9500000000000037,3,Take Profit,long,0.0606901335183041,0.47685104907231324,0.2861106294433924,2.2455349401768743,-0.5
2019-07-05 07:33:00,2019-07-31 13:52:00,2990.25,2968.91,-0.7636527046233688,5,Trailing Stop Loss,long,-0.3176991890310177,0.6939219128835328,0.802608477552047,-0.6437588830365382,-0.5
2019-09-04 19:07:00,2019-09-24 11:41:00,2943.0,2964.0099999999998,0.6638973836221529,5,Trailing Stop Loss,long,1.3591573224600806,1.3166836561331996,2.522935779816504,2.2680937818552405,-0.5
2019-09-25 00:00:00,2019-10-01 00:00:00,2975.75,2989.25,0.4036671427371352,4,MA Crossover,long,0.016802486768052738,0.4704696295051658,-2.982441401327396,-2.108712089389231,-0.5
2019-10-01 00:00:00,2019-10-01 10:03:00,2989.25,2959.3575,-1.050000000000001,1,Fixed Percentage Stop Loss,long,-3.4205904491093064,-1.287948482060719,-3.052605168520528,-0.0250899054946907,-0.5
2019-10-04 13:37:00,2019-10-08 06:00:00,2943.75,2914.3125,-1.050000000000001,1,Fixed Percentage Stop Loss,long,-1.554140127388537,0.33121019108279803,0.9002123142250573,1.5456475583864204,-0.5
2019-10-10 10:08:00,2019-11-01 14:59:00,2946.0,3063.84,3.9500000000000037,3,Take Profit,long,0.823150033944331,1.4935505770536261,1.4680923285811165,2.5033944331296576,-0.5
2019-11-04 00:00:00,2019-12-03 07:11:00,3069.5,3094.84,0.7755416191562226,5,Trailing Stop Loss,long,0.09773578758756063,0.3257859586251799,0.6922951620785156,1.7755334745072515,-0.5
2019-12-04 00:00:00,2019-12-20 08:15:00,3093.75,3217.5,3.9500000000000037,3,Take Profit,long,0.8646464646464569,1.3898989898989855,1.6565656565656672,3.3777777777777684,-0.5
2019-12-26 00:00:00,2020-01-07 17:41:00,3229.75,3198.23,-1.0259269293288964,5,Trailing Stop Loss,long,0.2089945042185848,0.19351342983202624,0.10062698351265276,1.6874371081353035,-0.5
2020-01-08 00:00:00,2020-01-26 17:00:00,3224.25,3270.75,1.3921958595022044,5,Trailing Stop Loss,long,1.8608978832286516,1.9849577421105602,2.341629836396053,2.7603318601225,-0.5
2020-01-28 09:30:00,2020-01-29 00:00:00,3269.0,3286.75,0.49297950443560334,4,MA Crossover,long,0.6500458855919211,-1.2847965738758016,2.584888345059655,3.059039461609059,-0.5
2020-01-29 00:00:00,2020-01-29 20:55:00,3286.75,3253.8825,-1.0499999999999898,1,Fixed Percentage Stop Loss,long,0.10648817220659801,-0.6161101391952584,2.030881569939913,2.5024720468547867,-0.5
2020-01-30 00:00:00,2020-01-31 11:35:00,3253.75,3231.5499999999997,-0.7322896657702749,5,Trailing Stop Loss,long,-0.8221283134844382,1.137149442950447,2.666154437187851,3.9953899346907518,-0.5
2020-02-03 09:30:00,2020-02-19 18:02:00,3265.25,3395.86,3.9500000000000037,3,Take Profit,long,2.7027027027026973,1.7686241482275378,3.0778654008115858,3.475997243702622,-0.5
2020-02-20 02:25:00,2020-02-20 10:32:00,3380.5,3346.695,-1.0499999999999898,1,Fixed Percentage Stop Loss,long,-1.2498151161070892,-9.192427155746197,-11.610708475077647,-12.328057979588813,-0.5
2020-04-24 16:06:00,2020-04-28 09:58:00,2828.0,2855.23,0.9128712871287081,5,Trailing Stop Loss,long,2.6078500707213514,1.2906647807637839,-0.38896746817539407,3.624469589816126,-0.5
2020-04-29 00:00:00,2020-04-30 08:05:00,2900.25,2905.7,0.13791483492801576,5,Trailing Stop Loss,long,-1.232652357555386,-1.7498491509352676,-1.6377898457029527,-3.241099905180589,-0.5
2020-04-30 09:30:00,2020-04-30 11:01:00,2918.25,2889.0675,-1.050000000000001,1,Fixed Percentage Stop Loss,long,-3.469545104086358,-2.2444958451126484,0.4197721237042762,-2.175961620834399,-0.5
2020-05-01 00:00:00,2020-05-01 02:24:00,2863.25,2834.6175,-1.050000000000001,1,Fixed Percentage Stop Loss,long,-0.48022352222125697,-0.3667161442416855,2.348729590500298,-0.2968654501004142,-0.5
2020-05-02 00:00:00,2020-05-03 17:00:00,2817.0,2788.83,-1.050000000000001,1,Fixed Percentage Stop Loss,long,1.1537096201633013,1.269080582179627,4.0291089811856695,1.3400780972665949,-0.5
2020-05-04 00:00:00,2020-05-06 17:25:00,2797.75,2831.955,1.1725895809132358,5,Trailing Stop Loss,long,2.2071307300509435,4.119381645965503,3.9496023590385176,5.441872933607361,-0.5
2020-05-07 09:30:00,2020-05-12 14:35:00,2877.75,2888.06,0.3082660064286314,5,Trailing Stop Loss,long,1.8330292763443667,-2.4845799669880986,-0.7992355138563112,2.727825558161756,-0.5
2020-05-14 00:00:00,2020-05-14 07:45:00,2805.5,2777.445,-1.0499999999999898,1,Fixed Percentage Stop Loss,long,1.7554803065407132,4.6961325966850875,4.009980395651391,8.064516129032251,-0.5
2020-05-15 00:00:00,2020-05-15 06:02:00,2851.5,2822.985,-1.050000000000001,1,Fixed Percentage Stop Loss,long,3.4543222865158763,3.6296685954760655,3.6735051727161183,7.215500613712078,-0.5
2020-05-16 00:00:00,2020-05-19 01:52:00,2854.75,2968.94,3.9500000000000037,3,Take Profit,long,3.3365443558980745,3.511691041247045,3.5554777125842874,7.093440756633673,-0.5
2020-05-20 11:43:00,2020-05-21 21:12:00,2960.25,2930.6475,-1.050000000000001,1,Fixed Percentage Stop Loss,long,-0.13512372265855888,1.8241702558905448,2.415336542521751,5.616079722996359,-0.5
2020-05-22 00:00:00,2020-05-27 04:27:00,2916.75,3033.42,3.9500000000000037,3,Take Profit,long,3.042770206565537,4.122739350304272,4.8170052284220555,9.205451272820774,-0.5
2020-05-28 00:00:00,2020-05-29 09:52:00,3034.75,3004.4025,-1.0499999999999898,1,Fixed Percentage Stop Loss,long,0.7414119779223904,1.7546750144163514,3.023313287750229,0.3954197215586097,-0.5
2020-05-31 17:00:00,2020-06-05 07:35:00,3034.0,3155.36,3.9500000000000037,3,Take Profit,long,1.7798286090969118,3.0487804878048808,4.985168094924197,0.05767963085037131,-0.5
2020-06-06 00:00:00,2020-06-10 18:20:00,3185.25,3166.625,-0.6347264735892033,5,Trailing Stop Loss,long,1.1537555921827147,-1.0203280747194121,-4.693509143709285,-4.002825523899222,-0.5
2020-06-15 00:00:00,2020-06-15 00:36:00,2983.5,2953.665,-1.050000000000001,1,Fixed Percentage Stop Loss,long,4.457851516675038,3.955086308027478,4.281883693648392,2.35461706049942,-0.5
2020-06-16 00:00:00,2020-06-16 09:57:00,3105.75,3093.125,-0.4565040650406471,5,Trailing Stop Loss,long,-0.46687595588826847,-1.5455204056991079,0.5956693230298571,-0.7647106174032081,-0.5
2020-06-17 00:00:00,2020-06-17 19:06:00,3115.0,3084.06,-1.0432584269662926,5,Trailing Stop Loss,long,-0.43338683788122223,-0.12038523274477964,-2.6404494382022525,-0.29695024077046606,-0.5
2020-06-18 00:00:00,2020-06-19 11:20:00,3091.0,3081.855,-0.34585894532513367,5,Trailing Stop Loss,long,-1.075703655774829,1.075703655774829,-0.49336784212229423,1.0352636687156247,-0.5
2020-06-20 00:00:00,2020-06-22 20:29:00,3057.75,3062.745,0.11335540838852136,5,Trailing Stop Loss,long,1.7496525222794546,-0.8175946365791886,-1.7905322541084123,1.8968195568637158,-0.5
2020-06-23 00:00:00,2020-06-24 00:00:00,3112.75,3124.0,0.31141675367440397,4,MA Crossover,long,-2.570074692795754,-3.5258212191791816,-0.9878724600433708,0.6746446068588874,-0.5
2020-06-24 00:00:00,2020-06-24 03:12:00,3124.0,3092.7599999999998,-1.050000000000012,1,Fixed Percentage Stop Loss,long,-1.5444942381562132,-2.2487195902688883,-0.5841869398207411,1.2724071702944872,-0.5
2020-06-25 00:00:00,2020-06-26 09:23:00,3033.5,3020.36,-0.48316301302125386,5,Trailing Stop Loss,long,-1.005439261579033,1.5988132520191156,2.9503873413548654,3.123454755233235,-0.5
2020-06-28 20:00:00,2020-07-02 03:21:00,3006.75,3127.02,3.9500000000000037,3,Take Profit,long,2.5027022532635,3.866300823147917,3.625176685790299,5.745406169452072,-0.5
2020-07-02 09:30:00,2020-07-03 09:37:00,3137.5,3106.125,-1.050000000000001,1,Fixed Percentage Stop Loss,long,-0.6932270916334637,0.8366533864541781,1.3386454183266894,2.430278884462145,-0.5
2020-07-04 00:00:00,2020-07-09 09:58:00,3115.75,3120.32,0.09667415550029261,5,Trailing Stop Loss,long,1.5806788092754598,1.5405600577710121,2.0460563267271192,3.1453101179491405,-0.5
2020-07-10 00:00:00,2020-07-13 14:33:00,3127.25,3161.725,1.0524062674874102,5,Trailing Stop Loss,long,0.7034934846910312,2.518186905428088,2.7660084738987845,2.438244463985928,-0.5
2020-07-14 09:30:00,2020-07-21 06:32:00,3147.0,3272.88,3.9500000000000037,3,Take Profit,long,1.7635843660629202,2.1210676835081044,3.821099459802979,3.161741340959634,-0.5
2020-07-22 00:00:00,2020-07-23 13:13:00,3250.75,3218.81,-1.0325424901945712,5,Trailing Stop Loss,long,-0.999769284011387,-0.46912251018995654,-0.13073906021687787,2.0303006998384943,-0.5
2020-07-24 00:00:00,2020-08-06 19:25:00,3217.75,3346.46,3.9500000000000037,3,Take Profit,long,0.5516276901561756,0.8934814699712579,1.6082666459482642,4.0245513169139935,-0.5
2020-08-07 00:00:00,2020-08-26 11:05:00,3329.25,3462.42,3.9500000000000037,3,Take Profit,long,0.9086130509874613,1.2239993992640974,1.0362694300518172,1.8697904933543619,-0.5
2020-08-27 00:00:00,2020-09-03 09:39:00,3475.0,3515.2599999999998,1.1085611510791293,5,Trailing Stop Loss,long,0.9136690647481904,1.7625899280575563,-0.733812949640289,-3.287769784172667,-0.5
2020-09-04 00:00:00,2020-09-04 09:16:00,3449.5,3415.005,-1.050000000000001,1,Fixed Percentage Stop Loss,long,-0.5580518915784927,-1.6524133932454,-3.2540947963472955,-3.833888969415855,-0.5
2020-09-05 00:00:00,2020-09-06 17:17:00,3415.0,3380.85,-1.050000000000001,1,Fixed Percentage Stop Loss,long,0.446559297218152,-0.658857979502192,-2.276720351390926,-2.8623718887262117,-0.5
2020-09-07 00:00:00,2020-09-08 00:00:00,3406.25,3429.75,0.6399082568807335,4,MA Crossover,long,-1.8275229357798128,-1.3357798165137602,-0.6899082568807335,-3.882568807339448,-0.5
2020-09-08 00:00:00,2020-09-08 04:56:00,3429.75,3395.4525,-1.050000000000001,1,Fixed Percentage Stop Loss,long,-1.0860849916174642,-2.696989576499742,-0.8819884831255953,-3.7903637291347714,-0.5
2020-09-09 00:01:00,2020-09-10 13:23:00,3346.25,3355.765,0.2343481509152035,5,Trailing Stop Loss,long,-0.26895778856929065,1.591333582368315,0.014942099364967376,-2.6895778856929398,-0.5
2020-09-11 09:30:00,2020-09-11 12:18:00,3352.75,3319.2225,-1.050000000000001,1,Fixed Percentage Stop Loss,long,1.394377749608533,-0.1789575721422687,-1.0588323018417722,-2.005816121094628,-0.5
2020-09-13 17:27:00,2020-09-16 20:57:00,3356.0,3351.11,-0.195709177592368,5,Trailing Stop Loss,long,1.2961859356376726,-0.275625744934449,-1.1546483909415928,-2.1007151370679433,-0.5
2020-10-05 09:32:00,2020-10-06 14:06:00,3382.0,3353.315,-0.8981667652276759,5,Trailing Stop Loss,long,1.0718509757539962,2.7942046126552267,3.9251921939680745,2.173270254287396,-0.5
2020-10-07 09:30:00,2020-10-12 11:49:00,3397.0,3532.88,3.9500000000000037,3,Take Profit,long,2.3403002649396543,3.4662937886370315,2.2078304386223158,1.6190756549896879,-0.5
2020-10-13 00:00:00,2020-10-14 10:54:00,3519.0,3483.81,-1.050000000000001,1,Fixed Percentage Stop Loss,long,-1.3711281614094961,-1.5416311452117082,-1.8044899119067925,-4.390451832907072,-0.5
2020-10-15 00:00:00,2020-10-15 04:45:00,3470.75,3436.0425,-1.050000000000001,1,Fixed Percentage Stop Loss,long,-0.1728732982784753,-0.4393862997911113,-0.5402290571202228,-5.791255492328751,-0.5
2020-10-16 00:00:00,2020-10-19 13:34:00,3474.0,3439.2599999999998,-1.050000000000012,1,Fixed Percentage Stop Loss,long,-1.1945883707541793,-1.9070236039147925,-0.6116868163500322,-5.634715025906734,-0.5
2020-10-20 00:00:00,2020-10-26 09:49:00,3431.5,3400.355,-0.95762057409296,5,Trailing Stop Loss,long,-0.6921171499344347,0.6192627130992223,-1.952498907183442,-1.3550925251347823,-0.5
2020-11-04 09:34:00,2020-11-09 05:46:00,3450.75,3588.78,3.9500000000000037,3,Take Profit,long,1.717018039556617,2.7602695066289984,2.383539810186197,3.2746504383105224,-0.5
2020-11-10 00:00:00,2020-11-18 14:59:00,3524.5,3564.2599999999998,1.0781032770605659,5,Trailing Stop Loss,long,0.7306000851184491,1.631437083274223,1.9790041140587356,3.064264434671582,-0.5
2020-11-19 00:00:00,2020-12-08 17:00:00,3566.75,3709.42,3.9500000000000037,3,Take Profit,long,-0.42756010373589115,1.8434148734842726,1.7663138711712323,3.0069390902081716,-0.5
2020-12-09 09:12:00,2020-12-10 01:00:00,3695.0,3658.05,-1.0499999999999898,1,Fixed Percentage Stop Loss,long,-1.1434370771312596,-0.25033829499323534,0.2571041948579156,-0.060893098782133226,-0.5
2020-12-11 00:00:00,2020-12-21 04:07:00,3655.5,3649.52,-0.21358911229653604,5,Trailing Stop Loss,long,-0.2872384078785428,1.3746409519901581,1.6687183695800911,1.0190124469976691,-0.5
2020-12-22 00:00:00,2021-01-04 10:03:00,3666.5,3697.785,0.8032660575480743,5,Trailing Stop Loss,long,0.5795717987181259,0.7159416337106261,1.7250784126551233,0.8250375017046174,-0.5
2021-01-05 00:00:00,2021-01-15 09:20:00,3696.25,3748.0099999999998,1.350338180588423,5,Trailing Stop Loss,long,1.7585390598579664,3.4020967196482843,2.7730808251606343,2.6648630368616866,-0.5
2021-01-17 00:00:00,2021-01-27 08:32:00,3746.25,3785.005,0.9845011678345006,5,Trailing Stop Loss,long,0.9943276609943208,2.9763096429763047,2.235568902235574,-1.3279946613279914,-0.5
2021-02-01 01:32:00,2021-02-07 17:00:00,3739.0,3888.56,3.9500000000000037,3,Take Profit,long,2.1061781224926523,3.8981010965498886,4.820807702594276,5.048141214228408,-0.5
2021-02-08 01:21:00,2021-02-22 01:15:00,3893.5,3880.065,-0.39506228329266313,5,Trailing Stop Loss,long,0.3017850263259181,1.085141903171949,0.8796712469500534,-0.8475664569153718,-0.5
2021-02-24 00:00:00,2021-02-25 00:00:00,3859.0,3931.25,1.8222466960352512,4,MA Crossover,long,-1.3604560767038087,0.5700958797616007,-1.6584607411246455,1.4317180616740144,-0.5
2021-02-25 00:00:00,2021-02-25 09:34:00,3931.25,3891.9375,-1.050000000000001,1,Fixed Percentage Stop Loss,long,-3.14149443561208,-1.20826709062003,-4.127186009538953,-0.05723370429252528,-0.5
2021-02-26 09:46:00,2021-02-26 15:00:00,3828.5,3790.215,-1.050000000000001,1,Fixed Percentage Stop Loss,long,1.4431239388794648,-1.5541334726394185,0.313438683557532,2.7295285359801413,-0.5
2021-03-01 03:34:00,2021-03-03 09:17:00,3849.5,3833.7599999999998,-0.45888427068450643,5,Trailing Stop Loss,long,-1.415768281595009,-0.2337965969606448,0.3831666450188287,2.617223015976111,-0.5
2021-03-04 11:04:00,2021-03-04 11:27:00,3840.75,3802.3424999999997,-1.050000000000012,1,Fixed Percentage Stop Loss,long,-0.006509145349220535,1.913688732669394,2.401874633860568,1.458048558224312,-0.5
2021-03-05 14:37:00,2021-03-08 03:21:00,3841.25,3802.8375,-1.050000000000001,1,Fixed Percentage Stop Loss,long,0.5987634233648009,2.2844126260982645,2.388545395379116,1.4448421737715655,-0.5
2021-03-08 07:58:00,2021-03-19 01:12:00,3842.0,3898.93,1.4317803227485715,5,Trailing Stop Loss,long,1.8805309734513331,2.3685580426860975,2.817542946382101,1.4705882352941124,-0.5
2021-03-20 00:00:00,2021-03-25 06:54:00,3896.75,3865.61,-0.8491274780265623,5,Trailing Stop Loss,long,0.6287290690960345,-0.2437929043433651,1.6808879194200266,3.348944633348294,-0.5
2021-03-26 00:00:00,2021-04-05 11:32:00,3915.0,4071.6000000000004,3.9500000000000037,3,Take Profit,long,1.2260536398467359,1.366538952745855,2.8671775223499285,5.083014048531287,-0.5
2021-04-06 02:05:00,2021-05-04 10:13:00,4055.25,4126.78,1.7138863202021903,5,Trailing Stop Loss,long,0.9987053819123348,1.4487392885765393,1.695333210036365,2.626225263547255,-0.5
2021-05-06 00:00:00,2021-05-10 20:42:00,4157.0,4153.485,-0.13455617031514205,5,Trailing Stop Loss,long,1.6778927110897346,-0.7878277604041362,-0.775799855665138,0.1383209044984346,-0.5
2021-05-13 09:34:00,2021-05-19 02:16:00,4116.75,4095.91,-0.5562245703528312,5,Trailing Stop Loss,long,1.372441853403772,-0.07287301876480745,0.9959312564522982,2.101172041051802,-0.5
2021-05-20 00:01:00,2021-06-18 00:00:00,4113.75,4215.5,2.4234123366757734,4,MA Crossover,long,1.0695837131570851,1.792768155575808,2.175630507444537,2.7711941659070094,-0.5
2021-06-21 10:50:00,2021-07-12 14:50:00,4209.5,4377.88,3.9500000000000037,3,Take Profit,long,0.7542463475472161,1.5441263808053218,1.8588906045848619,2.8863285425822616,-0.5
2021-07-13 07:52:00,2021-07-16 14:46:00,4361.5,4317.885,-1.0499999999999898,1,Fixed Percentage Stop Loss,long,-0.22354694485842153,-0.9858993465550858,-0.19488708013297718,0.6190530780694647,-0.5
2021-07-20 10:05:00,2021-08-18 15:36:00,4306.75,4386.97,1.8126574563185727,5,Trailing Stop Loss,long,1.4802345155860097,2.147791257909093,1.8981830846926284,2.2174493527602035,-0.5
2021-08-19 09:30:00,2021-09-10 14:54:00,4391.25,4458.51,1.4816823228010312,5,Trailing Stop Loss,long,1.0532308568175441,2.1690862510674647,2.6473099914603004,3.2450896669513174,-0.5
2021-09-13 09:50:00,2021-09-17 12:49:00,4462.75,4418.1225,-1.0499999999999898,1,Fixed Percentage Stop Loss,long,0.1344462495098231,-1.2212200997143041,-2.4928575429947863,-2.061509159150743,-0.5
2021-09-23 12:39:00,2021-09-28 02:26:00,4453.0,4408.47,-1.0499999999999898,1,Fixed Percentage Stop Loss,long,-0.15719739501459662,-1.7628565012351216,-2.296204805748936,-1.6281158769368975,-0.5
2021-10-15 00:10:00,2021-11-02 10:01:00,4445.0,4622.8,3.9500000000000037,3,Take Profit,long,1.4398200224971847,2.0641169853768293,1.895388076490434,3.543307086614167,-0.5
2021-11-03 00:00:00,2021-11-26 00:00:00,4619.25,4653.5,0.6914623586079915,4,MA Crossover,long,1.1906694809763474,1.4721004492071144,0.5899226064837393,1.564106727282577,-0.5
2021-11-28 00:00:00,2021-11-30 10:01:00,4579.0,4576.355,-0.10776370386548768,5,Trailing Stop Loss,long,0.649705175802584,-0.906311421707795,-0.9991264468224514,2.7462328019218107,-0.5
2021-12-06 11:22:00,2021-12-14 07:49:00,4590.25,4628.785,0.7894967594357538,5,Trailing Stop Loss,long,2.1894232340286424,2.4944175153858827,0.9639997821469404,1.013016720222204,-0.5
2021-12-15 00:00:00,2021-12-16 13:49:00,4634.25,4648.385,0.2550115984247759,5,Trailing Stop Loss,long,0.39380698063333774,-0.8415601229972536,1.2029994065922311,3.1288773803743952,-0.5
2021-12-17 00:00:00,2021-12-17 08:41:00,4653.5,4606.965,-1.050000000000001,1,Fixed Percentage Stop Loss,long,-1.2517459976361889,0.784355861179753,1.3591920060169738,2.3208337810250335,-0.5
2021-12-21 15:24:00,2022-01-05 14:07:00,4642.5,4712.085,1.4488691437803014,5,Trailing Stop Loss,long,1.5993537964458904,1.5993537964458904,2.9456112008616087,0.6946688206785234,-0.5
2022-01-06 00:36:00,2022-01-09 00:00:00,4675.25,4667.5,-0.2157665365488503,4,MA Crossover,long,-0.16576653654885032,0.6416769156729618,-0.24062884337735513,-6.283086465964383,-0.5
2022-01-10 01:00:00,2022-01-10 08:32:00,4676.0,4629.24,-1.050000000000001,1,Fixed Percentage Stop Loss,long,0.6255346449957289,-0.2566295979469668,-2.844311377245512,-6.768605645851156,-0.5
2022-01-11 03:17:00,2022-01-11 08:43:00,4677.0,4630.23,-1.050000000000012,1,Fixed Percentage Stop Loss,long,-0.41693393200770146,-0.27795595467179357,-2.918537524053877,-8.365405174257,-0.5
2022-01-12 00:00:00,2022-01-13 14:03:00,4717.0,4669.83,-1.050000000000001,1,Fixed Percentage Stop Loss,long,-1.2613949544201808,-1.812592749629005,-3.741785032859868,-9.142463430146275,-0.5
2022-03-18 10:31:00,2022-03-29 04:07:00,4408.75,4585.1,3.9500000000000037,3,Take Profit,long,2.3362631131273126,2.619790189963145,2.8863056421888356,2.9430110575559887,-0.5
2022-03-30 03:03:00,2022-03-31 14:32:00,4607.75,4561.6725,-1.050000000000012,1,Fixed Percentage Stop Loss,long,-1.502902718246435,-1.9749335358906217,-2.4795182030275087,-4.747436384352454,-0.5
2022-04-01 09:30:00,2022-04-06 03:45:00,4522.25,4496.975,-0.6089032008402773,5,Trailing Stop Loss,long,-0.12162087456465409,-0.635745480678862,-0.8568743435236836,-2.9465420974072676,-0.5
2022-04-07 00:00:00,2022-04-11 00:00:00,4459.0,4453.75,-0.16773940345368715,4,MA Crossover,long,0.5494505494505475,-1.0316214397847023,-1.5698587127158548,-1.788517604844131,-0.5
2022-04-12 00:16:00,2022-04-12 14:28:00,4391.75,4377.415,-0.3764074685489837,5,Trailing Stop Loss,long,-0.06261740763932044,-0.06261740763932044,1.8899072123868654,-4.041669038538165,-0.5
2022-04-13 09:30:00,2022-04-17 18:08:00,4405.25,4366.635,-0.9265677316837861,5,Trailing Stop Loss,long,-0.36887804324385876,0.8626071165087179,-0.5902048691901696,-3.1212757505249433,-0.5
2022-04-18 09:30:00,2022-04-21 13:03:00,4395.75,4418.82,0.47482511516804826,5,Trailing Stop Loss,long,1.7971904680657458,-3.2872661093101274,-4.6465335835750405,-5.061707330944665,-0.5
2022-07-20 00:01:00,2022-07-26 09:33:00,3956.75,3935.9249999999997,-0.5763157894736859,5,Trailing Stop Loss,long,0.16427623681052328,0.063183168004044,3.5635306754280727,5.225247993934423,-0.5
2022-07-27 09:30:00,2022-07-29 13:35:00,3972.0,4130.88,3.9500000000000037,3,Take Profit,long,4.04078549848943,3.2351460221550887,4.821248741188322,6.124118831822756,-0.5
2022-07-31 17:12:00,2022-08-02 09:10:00,4122.5,4081.275,-1.050000000000001,1,Fixed Percentage Stop Loss,long,-0.5336567616737398,0.9945421467556059,0.4669496664645223,3.838690115221355,-0.5
2022-08-03 00:00:00,2022-08-12 13:33:00,4101.75,4265.82,3.9500000000000037,3,Take Profit,long,1.5054549887243196,1.2128969342353857,2.8707259096727,4.0897178033766135,-0.5
2022-08-15 00:00:00,2022-08-19 08:54:00,4272.0,4240.95,-0.7768258426966324,5,Trailing Stop Loss,long,0.9012172284644127,0.1345973782771459,-3.031367041198507,-5.30196629213483,-0.5
2022-08-20 00:00:00,2022-08-22 03:02:00,4228.5,4186.215,-1.050000000000001,1,Fixed Percentage Stop Loss,long,-2.0338181388199095,-1.6199597966181867,-4.392810689369753,-6.98238145914627,-0.5
2022-08-24 00:00:00,2022-08-26 00:00:00,4124.5,4194.5,1.6471754152018458,4,MA Crossover,long,1.7153594375075798,-1.9153836828706527,-4.600557643350712,-3.38828948963511,-0.5
2022-08-26 00:00:00,2022-08-26 09:27:00,4194.5,4152.555,-1.0499999999999898,1,Fixed Percentage Stop Loss,long,-3.552270830849924,-6.192633210156162,-6.228394325902964,-3.0575753963523633,-0.5
2022-11-04 09:22:00,2022-11-04 10:40:00,3785.75,3747.8925,-1.050000000000001,1,Fixed Percentage Stop Loss,long,1.195271742719406,5.249950472165366,5.646173149309908,4.906557485306751,-0.5
2022-11-07 00:18:00,2022-11-09 09:57:00,3775.5,3789.66,0.3250496622963784,5,Trailing Stop Loss,long,-0.29797377830751426,5.932989008078393,6.0720434379552435,6.224341146867962,-0.5
2022-11-11 09:30:00,2022-11-15 12:35:00,3983.5,3969.735,-0.3955503953809447,5,Trailing Stop Loss,long,0.5334504832433806,-0.7782101167315147,-0.3012426258315548,1.2740052717459482,-0.5
2022-11-16 00:00:00,2022-11-16 13:32:00,4005.5,3965.445,-1.050000000000001,1,Fixed Percentage Stop Loss,long,-1.323180626638376,-1.19835226563475,0.8613156909249797,2.1470478092622702,-0.5
2022-11-17 09:30:00,2022-11-28 13:22:00,3929.75,3968.265,0.930087791844264,5,Trailing Stop Loss,long,1.0624085501622194,2.8055219797697095,2.6592022393282067,3.486226859214958,-0.5
2022-11-30 00:00:00,2022-12-02 07:30:00,3966.75,4027.7999999999997,1.4890432974097034,5,Trailing Stop Loss,long,2.7352366546921303,0.9894750110291728,-0.8130081300813052,1.7016449234259712,-0.5
2022-12-03 00:00:00,2022-12-05 09:00:00,4066.75,4026.0825,-1.050000000000001,1,Fixed Percentage Stop Loss,long,-1.4938218479129572,-3.2519825413413694,-3.3257515214852207,-4.788836294338228,-0.5
2022-12-08 09:30:00,2022-12-09 00:00:00,3970.75,3974.5,0.044440596864564516,4,MA Crossover,long,-0.9884782471825226,1.599194106906765,-2.486935717433736,-2.5813763142983115,-0.5
2022-12-09 00:00:00,2022-12-09 07:30:00,3974.5,3934.755,-1.050000000000001,1,Fixed Percentage Stop Loss,long,0.5535287457541838,1.503333752673286,-2.5789407472638026,-2.673292238017355,-0.5
2022-12-10 00:00:00,2022-12-13 07:29:00,3931.5,4088.76,3.9500000000000037,3,Take Profit,long,1.653312984865818,2.613506295307144,-1.5134172707617966,-1.6088007121963677,-0.5
2022-12-13 08:39:00,2022-12-13 09:39:00,4117.75,4076.5724999999998,-1.050000000000001,1,Fixed Percentage Stop Loss,long,-4.602027806447695,-5.968065084087182,-4.881306538765107,-7.485884281464394,-0.5
2022-12-14 09:30:00,2022-12-14 13:02:00,4074.25,4033.5075,-1.050000000000001,1,Fixed Percentage Stop Loss,long,-4.964103822789467,-5.092961894827264,-5.454991716266799,-5.178867276185805,-0.5
2022-12-15 00:00:00,2022-12-15 02:40:00,4034.0,3993.66,-1.050000000000001,1,Fixed Percentage Stop Loss,long,-4.0158651462568145,-4.146008924144773,-4.511650966782355,-4.2327714427367376,-0.5
2022-12-16 00:00:00,2022-12-16 02:49:00,3927.75,3888.4725,-1.050000000000001,1,Fixed Percentage Stop Loss,long,-2.927884921392654,-0.280058557698426,-1.5148621984596766,-1.5212271656800946,-0.5
2023-01-11 03:17:00,2023-01-18 14:32:00,3948.25,3954.545,0.10943772557462932,5,Trailing Stop Loss,long,1.791933134933199,1.6589628316342697,-0.5698727284239813,2.9570062686000043,-0.5
2023-01-20 10:29:00,2023-01-25 08:56:00,3952.75,3975.615,0.5284580355448598,5,Trailing Stop Loss,long,1.5748529504775233,2.839795079375129,3.320473088356213,4.889001328189235,-0.5
2023-01-26 00:00:00,2023-01-30 21:43:00,4041.75,4027.065,-0.4133327147893884,5,Trailing Stop Loss,long,1.045339271355239,0.9463722397476282,3.148388693016635,1.131935424011865,-0.5
2023-01-31 00:00:00,2023-02-02 09:41:00,4028.25,4189.38,3.9500000000000037,3,Take Profit,long,2.9044870601377726,2.923105566933537,3.723701359150988,2.4638490659715684,-0.5
2023-02-03 00:00:00,2023-02-06 00:54:00,4169.0,4127.31,-1.0499999999999898,1,Fixed Percentage Stop Loss,long,-0.9534660590069577,-0.6296473974574224,-1.6670664427920312,-1.9968817462221122,-0.5
2023-02-07 00:00:00,2023-02-09 13:23:00,4128.75,4104.485,-0.6377081441114207,5,Trailing Stop Loss,long,0.33908567968512493,-0.708446866485013,-0.03027550711474092,-2.8095670602482636,-0.5
2023-02-10 00:00:00,2023-02-16 08:29:00,4086.75,4102.7699999999995,0.3419985318406871,5,Trailing Stop Loss,long,1.3763993393283158,1.896372423074566,-0.02446932158806092,-2.7466813482596164,-0.5
2023-02-17 00:00:00,2023-02-21 00:00:00,4079.5,4071.5,-0.2461024635371955,4,MA Crossover,long,-0.18384605956612843,-1.5565633043265081,-2.5738448339257314,-0.6618458144380446,-0.5
2023-02-22 06:33:00,2023-02-23 10:55:00,4016.75,3976.5825,-1.050000000000001,1,Fixed Percentage Stop Loss,long,-1.0518453973983988,-1.0082778365594125,-0.9273666521441459,-3.124416505881622,-0.5
2023-03-05 17:24:00,2023-03-07 12:07:00,4042.0,4001.58,-1.050000000000001,1,Fixed Percentage Stop Loss,long,-1.3421573478476057,-3.7295893122216706,-4.032657100445325,-2.3317664522513604,-0.5
2023-03-31 10:22:00,2023-04-25 12:14:00,4113.75,4114.285,-0.03699483439683622,5,Trailing Stop Loss,long,0.3828623518687291,0.3646308113035568,0.6745670009115745,1.4099058037070789,-0.5
2023-04-27 10:00:00,2023-05-02 09:48:00,4107.0,4122.125,0.3182736790844965,5,Trailing Stop Loss,long,2.039201363525689,0.20696372047723788,1.022644265887518,0.6087168249330421,-0.5
2023-05-05 00:00:00,2023-05-09 00:00:00,4092.0,4151.5,1.4040566959921896,4,MA Crossover,long,1.4540566959921897,1.7045454545454586,0.9775171065493637,2.596529814271742,-0.5
2023-05-09 00:00:00,2023-05-14 00:00:00,4151.5,4132.0,-0.5197097434662179,4,MA Crossover,long,0.24689871130916252,-0.46970974346621786,-0.487775502830301,0.3191617487655174,-0.5
2023-05-14 00:00:00,2023-05-24 05:18:00,4132.0,4142.705,0.20907550822845683,5,Trailing Stop Loss,long,0.2420135527589462,0.9136011616650563,1.6033397870280686,2.1115682478218822,-0.5
2023-06-05 00:00:00,2023-06-15 10:36:00,4283.0,4454.32,3.9500000000000037,3,Take Profit,long,0.23931823488210213,0.22764417464393727,2.6500116740602486,3.7181881858510346,-0.5
2023-06-16 00:00:00,2023-06-20 09:20:00,4464.75,4420.1025,-1.050000000000001,1,Fixed Percentage Stop Loss,long,-0.5039475894506928,-1.355059073856324,-1.7078223864718023,0.39755865389998757,-0.5
2023-06-26 09:30:00,2023-07-18 10:04:00,4395.0,4570.8,3.9500000000000037,3,Take Profit,long,0.5688282138794021,1.9908987485779184,2.121729237770187,1.8543799772468672,-0.5
2023-07-19 00:13:00,2023-08-02 09:55:00,4586.0,4541.8099999999995,-1.0135848233754963,5,Trailing Stop Loss,long,-0.47972088966419246,0.19079808111643892,-0.29437418229393275,-1.0575665067596995,-0.5
2023-08-03 00:00:00,2023-08-04 00:00:00,4537.0,4537.5,-0.03897950187348727,4,MA Crossover,long,-0.8595988538681931,-0.319594445668947,-1.162662552347371,-3.3612519285871723,-0.5
2023-08-06 00:00:00,2023-08-15 14:26:00,4498.0,4453.855,-1.0314361938639494,5,Trailing Stop Loss,long,0.6947532236549536,0.06669630947087057,-0.3056914184081827,-2.623388172521124,-0.5
2023-08-30 00:50:00,2023-09-06 10:09:00,4508.75,4463.6625,-1.0499999999999898,1,Fixed Percentage Stop Loss,long,0.22733573606874558,-0.2328805101192155,-1.2032159689492672,1.242029387302468,-0.5
2023-09-11 00:01:00,2023-09-19 09:16:00,4520.25,4475.0475,-1.050000000000012,1,Fixed Percentage Stop Loss,long,0.21016536695979138,-0.4701067418837468,-0.7742934572202875,-4.286267352469442,-0.5
2023-11-03 10:08:00,2023-11-20 09:00:00,4366.75,4541.42,3.9500000000000037,3,Take Profit,long,0.5381576687467859,-0.0057250815824083645,1.3224938455373092,3.595351233755073,-0.5
2023-11-21 08:01:00,2023-12-13 13:19:00,4547.5,4729.400000000001,3.9500000000000037,3,Take Profit,long,0.4947773501924102,0.4562946673996704,0.43430456294666353,0.09895547003848648,-0.5
2023-12-14 12:02:00,2024-01-03 14:50:00,4767.75,4744.67,-0.5340857846992841,5,Trailing Stop Loss,long,0.03670494468039909,-0.005243563525769712,0.6606890042472946,0.9438414346389701,-0.5
2024-01-05 00:00:00,2024-01-24 07:05:00,4730.75,4919.9800000000005,3.9500000000000037,3,Take Profit,long,1.3528510278496997,2.0556994134122597,1.701632933467212,2.938223326111089,-0.5
2024-01-25 00:00:00,2024-02-13 09:04:00,4901.0,4965.17,1.2593246276270065,5,Trailing Stop Loss,long,0.23974699041011682,0.6019179759232829,1.1120179555192733,2.3005509079779607,-0.5
2024-02-14 00:00:00,2024-03-08 02:46:00,4972.25,5171.14,3.9500000000000037,3,Take Profit,long,1.4228970787872663,0.6787671577253684,1.2268087887777224,2.217306048569556,-0.5
2024-03-09 00:00:00,2024-04-04 13:55:00,5132.0,5226.83,1.7978176149649305,5,Trailing Stop Loss,long,0.17049883086515116,2.0800857365549597,0.9986360093530822,3.073850350740459,-0.5
2024-04-05 00:00:00,2024-04-10 00:00:00,5204.75,5265.0,1.107596426341323,4,MA Crossover,long,1.0038906767856348,0.05763965608338584,-0.7349056150631639,-3.866660262260435,-0.5
2024-04-10 00:00:00,2024-04-10 07:31:00,5265.0,5212.35,-1.0499999999999898,1,Fixed Percentage Stop Loss,long,-0.3941120607787285,-3.2573599240265927,-3.5944919278252607,-3.6229819563152854,-0.5
2024-04-11 00:00:00,2024-04-12 12:28:00,5208.0,5155.92,-1.050000000000001,1,Fixed Percentage Stop Loss,long,-0.796850998463905,-1.9729262672811054,-3.9170506912442393,-1.6129032258064502,-0.5
2024-04-14 17:25:00,2024-04-15 12:28:00,5180.0,5128.2,-1.050000000000001,1,Fixed Percentage Stop Loss,long,-1.4430501930501882,-3.397683397683393,-3.4073359073359066,-0.9314671814671827,-0.5
2024-05-08 07:14:00,2024-05-29 21:42:00,5197.75,5260.885,1.1646601895050679,5,Trailing Stop Loss,long,0.8417103554422489,1.438122264441355,2.3567889952383236,1.8421432350536282,-0.5
2024-05-31 00:00:00,2024-06-12 09:29:00,5243.5,5453.24,3.9500000000000037,3,Take Profit,long,1.0298464765900572,2.3934394965194894,2.0978354152760614,3.666444168971106,-0.5
2024-06-13 09:14:00,2024-07-09 12:02:00,5426.0,5643.04,3.9500000000000037,3,Take Profit,long,0.17969037965352985,2.7276078142277838,2.036490969406568,1.9581643936601445,-0.5
2024-07-10 00:00:00,2024-07-18 10:28:00,5635.25,5606.825,-0.5544141786078705,5,Trailing Stop Loss,long,0.03549088327936545,1.0203628942815346,0.2528725433654122,-2.706179850051016,-0.5
2024-07-21 00:00:00,2024-07-23 00:00:00,5552.75,5601.75,0.8324456350456921,4,MA Crossover,long,0.8824456350456922,-1.2606366214938491,-0.963486560713156,-3.507271171941828,-0.5
2024-07-23 00:00:00,2024-07-24 07:36:00,5601.75,5545.7325,-1.050000000000001,1,Fixed Percentage Stop Loss,long,-2.124336144954697,-1.8297853349399706,-1.9235060472173826,-5.123398937831924,-0.5
2024-07-26 11:31:00,2024-07-30 10:43:00,5515.0,5459.85,-1.0499999999999898,1,Fixed Percentage Stop Loss,long,-0.38077969174977744,-1.3825929283771576,-2.8467815049863954,-2.7198549410698103,-0.5
2024-07-31 07:19:00,2024-08-01 11:40:00,5534.5,5488.735,-0.8769039660312672,5,Trailing Stop Loss,long,-3.189086638359384,-3.9705483783539663,-3.6362815069111987,0.7227391814978779,-0.5
2024-08-15 07:46:00,2024-09-03 13:02:00,5527.0,5556.355,0.4811199565767976,5,Trailing Stop Loss,long,0.9634521440202715,1.9811832820698427,2.2390085037090612,2.3430432422652414,-0.5
2024-09-04 08:41:00,2024-09-05 00:00:00,5542.75,5523.25,-0.40181092418024034,4,MA Crossover,long,-2.507780433900142,-1.2087862523115778,1.123088719498444,4.136033557349683,-0.5
2024-09-05 09:00:00,2024-09-05 11:16:00,5547.25,5491.7775,-1.050000000000001,1,Fixed Percentage Stop Loss,long,-2.5868673667132414,0.4101131191130758,1.4331425481094229,3.8036865113344476,-0.5
2024-09-11 12:50:00,2024-09-18 13:00:00,5520.5,5741.320000000001,3.9500000000000037,3,Take Profit,long,1.924644506838158,3.3058599764514085,4.5557467620686465,5.194275880807897,-0.5
2024-09-19 00:00:00,2024-10-23 13:06:00,5736.0,5808.705,1.2175209205020854,5,Trailing Stop Loss,long,0.3879009762900898,0.8237447698744793,1.242154811715479,0.2658647140864723,-0.5
2024-10-27 00:00:00,2024-10-31 00:00:00,5841.5,5825.5,-0.32390225113412824,4,MA Crossover,long,0.269622528460145,-0.26534280578618397,-1.4080287597363683,3.1156381066506977,-0.5
2024-11-01 06:35:00,2024-11-07 09:47:00,5763.25,5993.780000000001,3.9500000000000037,3,Take Profit,long,2.0951719949681147,4.238060122326814,4.515681256235626,2.3727931288769266,-0.5
2024-11-08 00:00:00,2024-11-15 00:24:00,6007.75,5947.6725,-1.050000000000001,1,Fixed Percentage Stop Loss,long,0.2580000832258289,0.03745162498438592,-1.7935167075860292,-0.27880654155050255,-0.5
2024-11-17 00:00:00,2024-12-18 00:00:00,5900.0,6063.0,2.712711864406775,4,MA Crossover,long,0.4788135593220444,0.4322033898304989,1.5423728813559245,2.5677966101694816,-0.5
