entry_time,exit_time,entry_price,exit_price,pnl_pct,exit_reason,exit_reason_desc,position_type,return_1d,return_3d,return_5d,return_10d,vix_cap
2013-01-02 14:52:00,2013-02-05 13:45:00,1452.75,1510.8600000000001,3.9500000000000037,3,Take Profit,long,0.4818447771467893,0.03441748408190559,0.9981070383754842,1.6176217518499403,30
2013-02-07 00:00:00,2013-02-21 08:52:00,1505.75,1499.3999999999999,-0.47171675244895295,5,Trailing Stop Loss,long,0.5312966959986731,0.7305329569981645,0.6641208699983414,-0.04980906524987283,30
2013-02-22 14:59:00,2013-02-25 00:00:00,1514.25,1515.0,-0.000470529965329548,4,MA Crossover,long,-1.535413571074784,-0.1650982334489015,0.1650982334489015,2.0307082714214886,30
2013-02-27 10:14:00,2013-04-05 07:30:00,1508.0,1536.6399999999999,1.8492042440318268,5,Trailing Stop Loss,long,0.5802387267904496,2.0557029177718844,2.3872679045092937,3.265915119363405,30
2013-04-08 14:14:00,2013-04-15 11:53:00,1554.0,1561.1399999999999,0.4094594594594436,5,Trailing Stop Loss,long,1.8178893178893096,1.8018018018018056,0.7561132561132666,1.38352638352639,30
2013-04-16 11:54:00,2013-04-17 09:19:00,1566.5,1550.835,-1.050000000000001,1,Fixed Percentage Stop Loss,long,-1.6597510373444035,-1.1490584104691948,0.5745292052345974,0.9256303862112958,30
2013-04-21 20:44:00,2013-05-07 08:50:00,1556.5,1618.76,3.9500000000000037,3,Take Profit,long,1.2206874397687084,1.3973658849983916,1.300995823964013,3.3729521362030113,30
2013-05-08 00:00:00,2013-05-22 09:29:00,1620.0,1684.8,3.9500000000000037,3,Take Profit,long,0.43209876543210957,0.7253086419753085,2.0524691358024594,1.8364197530864157,30
2013-05-24 00:42:00,2013-05-29 10:00:00,1650.75,1639.295,-0.7439270028774703,5,Trailing Stop Loss,long,0.34832651824927563,0.22716946842344932,-1.4084507042253502,-0.7117976677267879,30
2013-05-30 06:05:00,2013-05-31 14:52:00,1652.5,1635.975,-1.050000000000001,1,Fixed Percentage Stop Loss,long,-1.5128593040847238,-2.4508320726172483,-0.8169440242057457,-2.1028744326777593,30
2013-06-07 09:00:00,2013-06-12 10:53:00,1634.75,1618.4025,-1.050000000000001,1,Fixed Percentage Stop Loss,long,-0.27527144823367156,0.07646429117602604,-1.0399143599938876,-3.1197430799816517,30
2013-06-13 14:00:00,2013-06-19 20:40:00,1630.25,1616.02,-0.9228722588560057,5,Trailing Stop Loss,long,-0.7667535654040769,-0.8894341358687274,-2.852323263303169,-2.0855696978990923,30
2013-06-26 08:26:00,2013-07-10 16:04:00,1594.75,1658.54,3.9500000000000037,3,Take Profit,long,0.09405862987930114,0.6740868474682582,1.8341432826461723,4.608872864085289,30
2013-07-11 00:00:00,2013-08-15 00:00:00,1665.25,1679.75,0.8207401291097483,4,MA Crossover,long,0.2852424560876754,0.40534454286142996,0.6905869989491054,1.3661612370514886,30
2013-08-22 14:38:00,2013-08-27 07:29:00,1657.0,1640.43,-1.050000000000001,1,Fixed Percentage Stop Loss,long,0.25648762824381777,-1.4936632468316224,-1.4936632468316224,-0.18105009052504784,30
2013-09-02 02:18:00,2013-09-18 13:00:00,1644.5,1710.28,3.9500000000000037,3,Take Profit,long,0.653694131954996,0.5776831863788301,2.2043174217087236,3.3292794162359307,30
2013-09-24 09:53:00,2013-09-29 17:00:00,1696.25,1679.2875,-1.050000000000001,1,Fixed Percentage Stop Loss,long,-0.22107590272659738,-0.6484893146647019,-0.8843036109064117,-2.3286661753868843,30
2013-10-01 09:56:00,2013-10-02 00:00:00,1687.75,1686.75,-0.10925048141016687,4,MA Crossover,long,-1.110946526440526,-0.3406902681084234,-1.8367649237150063,1.3923863131388048,30
2013-10-04 11:26:00,2013-10-07 17:11:00,1683.0,1666.17,-1.050000000000001,1,Fixed Percentage Stop Loss,long,-1.6042780748663055,0.14854426619133054,1.0101010101010166,3.208556149732611,30
2013-10-10 08:56:00,2013-10-18 13:42:00,1673.25,1740.18,3.9500000000000037,3,Take Profit,long,1.5986851934857382,2.2710294337367376,3.809950694755715,4.810996563573888,30
2013-10-20 00:00:00,2013-11-08 07:31:00,1737.0,1739.01,0.06571675302244344,5,Trailing Stop Loss,long,0.0,0.5325273459988455,0.9643062751871101,1.0218767990788802,30
2013-11-08 10:38:00,2013-12-11 21:21:00,1758.5,1776.25,0.9593829968723433,5,Trailing Stop Loss,long,0.028433323855558967,1.7628660790446338,2.032982655672444,2.4310491896502695,30
2013-12-16 08:35:00,2013-12-18 13:00:00,1783.5,1765.665,-1.050000000000001,1,Fixed Percentage Stop Loss,long,0.9671993271656909,1.8923465096719827,2.5651808242220353,3.518362769834593,30
2013-12-18 13:06:00,2014-01-13 14:45:00,1786.0,1809.57,1.269708846584544,5,Trailing Stop Loss,long,1.7497200447928352,2.42161254199329,2.771556550951848,2.043673012318026,30
2014-01-14 11:21:00,2014-01-24 00:00:00,1829.5,1823.75,-0.3642935228204413,4,MA Crossover,long,0.4509428805684612,0.23230390817163826,0.16397922929762832,-3.047280677780817,30
2014-02-06 13:18:00,2014-02-14 13:51:00,1767.25,1837.94,3.9500000000000037,3,Take Profit,long,1.4853586080067815,2.2775498656104176,3.7770547460744153,3.7487622011600052,30
2014-02-16 00:00:00,2014-03-13 12:01:00,1834.0,1849.75,0.808778625954204,5,Trailing Stop Loss,long,0.23173391494002438,-0.8042529989094827,-0.027262813522355156,1.4585605234460175,30
2014-03-17 09:02:00,2014-03-26 00:00:00,1854.5,1861.25,0.3139795093016929,4,MA Crossover,long,-0.28309517390132655,0.14828794823402713,0.36397950930169287,1.4154758695066105,30
2014-03-28 08:39:00,2014-04-07 01:16:00,1853.5,1854.6499999999999,0.012044780145664723,5,Trailing Stop Loss,long,1.4701915295387114,1.7264634475316898,0.4316158618829169,-2.2659832748853526,30
2014-04-09 13:09:00,2014-04-10 11:44:00,1859.25,1840.6575,-1.050000000000001,1,Fixed Percentage Stop Loss,long,-2.568239881672718,-0.7126529514589253,-0.09412397472099432,0.658867823046938,30
2014-04-15 15:00:00,2014-04-28 12:33:00,1837.5,1844.85,0.35000000000000037,5,Trailing Stop Loss,long,1.0884353741496655,1.0884353741496655,2.2176870748299216,2.1496598639455744,30
2014-04-30 00:00:00,2014-05-15 10:26:00,1869.0,1860.53,-0.5031835205992541,5,Trailing Stop Loss,long,0.48154093097914075,0.5216693418940599,0.2808988764045006,0.8560727661851342,30
2014-05-19 10:06:00,2014-06-09 10:37:00,1878.5,1953.64,3.9500000000000037,3,Take Profit,long,0.5855735959542141,0.9582113388341806,1.676869842959805,2.235826457279755,30
2014-06-10 00:00:00,2014-06-12 12:58:00,1946.75,1927.2825,-1.050000000000001,1,Fixed Percentage Stop Loss,long,-0.1155772441248204,-0.9888275330679375,-0.5907281366379857,-0.32104790034672703,30
2014-06-16 09:11:00,2014-07-31 00:00:00,1932.5,1962.5,1.5023932729624823,4,MA Crossover,long,0.8926261319534223,1.0996119016817518,0.413971539456659,1.733505821474779,30
2014-08-08 14:29:00,2014-08-26 10:28:00,1925.5,2002.52,3.9500000000000037,3,Take Profit,long,0.33757465593351466,1.428200467411056,1.4671513892495547,3.2329265125941253,30
2014-08-28 00:00:00,2014-09-12 11:38:00,1996.5,1976.535,-1.050000000000001,1,Fixed Percentage Stop Loss,long,0.1126972201352272,0.2504382669672012,-0.037565740045075735,-0.3631354871024284,30
2014-09-16 10:50:00,2014-09-23 00:00:00,1987.5,1987.0,-0.07515723270439807,4,MA Crossover,long,1.2955974842767226,0.6415094339622618,0.11320754716981352,-2.251572327044027,30
2014-09-24 13:28:00,2014-09-25 09:21:00,1989.5,1969.605,-1.050000000000001,1,Fixed Percentage Stop Loss,long,-0.7665242523247073,-1.294295049007288,-2.3624026137220366,-3.493340035184722,30
2014-10-03 11:44:00,2014-10-07 08:33:00,1962.75,1943.1225,-1.050000000000001,1,Fixed Percentage Stop Loss,long,-1.5921538657495904,-2.1780664883454315,-3.490001273723098,-4.203286205578904,30
2014-10-08 14:25:00,2014-10-09 10:47:00,1958.75,1939.1625,-1.050000000000001,1,Fixed Percentage Stop Loss,long,-3.2929164007657996,-4.301212507977025,-5.2839821314613955,-1.0721123165283952,30
2014-10-17 10:11:00,2014-10-26 18:33:00,1887.5,1963.0,3.9500000000000037,3,Take Profit,long,2.609271523178802,2.6622516556291442,3.8675496688741706,6.450331125827824,30
2014-10-28 00:00:00,2014-11-13 00:19:00,1960.75,2039.18,3.9500000000000037,3,Take Profit,long,0.5865102639296182,2.473543287007529,2.7667984189723382,3.6975647073823836,30
2014-11-14 00:00:00,2014-12-09 08:36:00,2035.5,2037.42,0.044325718496679475,5,Trailing Stop Loss,long,0.18422991893882745,0.39302382706951633,1.2896094325718588,1.5352493244902954,30
2014-12-18 03:09:00,2015-01-02 09:43:00,2023.0,2046.975,1.1351211072664291,5,Trailing Stop Loss,long,2.014335145823032,2.718734552644597,3.0894710825506655,1.1492832427088429,30
2015-01-08 08:44:00,2015-01-12 08:49:00,2042.5,2022.075,-1.050000000000001,1,Fixed Percentage Stop Loss,long,-0.4406364749081959,-1.2117503059975498,-1.3953488372092981,0.03671970624234966,30
2015-01-19 08:15:00,2015-01-27 09:30:00,2016.5,2021.25,0.1855566575749979,5,Trailing Stop Loss,long,0.6446813786263217,1.3265559137118688,1.3265559137118688,1.2521696007934624,30
2015-02-02 14:40:00,2015-02-13 14:42:00,2011.75,2092.2200000000003,3.9500000000000037,3,Take Profit,long,0.6834845283956836,2.199577482291537,2.4108363365229257,4.225177084627818,30
2015-02-17 00:00:00,2015-03-06 11:19:00,2084.0,2075.395,-0.4629078694817712,5,Trailing Stop Loss,long,0.4918426103646789,1.11564299424185,1.4035508637236127,0.9596928982725572,30
2015-03-16 08:50:00,2015-03-25 11:22:00,2062.5,2064.86,0.0644242424242492,5,Trailing Stop Loss,long,1.6121212121212203,1.806060606060611,1.0303030303030258,-0.7030303030303053,30
2015-03-30 02:50:00,2015-03-31 19:54:00,2069.0,2048.31,-1.050000000000001,1,Fixed Percentage Stop Loss,long,-0.845819236346057,-1.413726437892704,-0.06041565973899932,1.014983083615273,30
2015-04-02 08:51:00,2015-04-03 08:02:00,2061.75,2041.1325,-1.050000000000001,1,Fixed Percentage Stop Loss,long,-1.067054686552682,0.5941554504668378,1.6490845155814338,0.7032860434097232,30
2015-04-06 08:45:00,2015-04-30 13:57:00,2058.75,2077.355,0.8537037037036954,5,Trailing Stop Loss,long,0.7407407407407307,1.797207043108684,1.5179113539769196,1.6514875531268958,30
2015-05-01 12:52:00,2015-05-06 00:00:00,2099.0,2091.0,-0.43113387327298747,4,MA Crossover,long,-0.39304430681277314,-0.5955216769890415,0.41686517389232236,1.0004764173416003,30
2015-05-08 07:30:00,2015-06-01 00:00:00,2096.25,2110.25,0.6178592725104293,4,MA Crossover,long,0.17889087656528524,0.9779367918902881,1.1329755515802065,1.3476446034585532,30
2015-06-03 05:50:00,2015-06-04 12:21:00,2112.5,2091.375,-1.050000000000001,1,Fixed Percentage Stop Loss,long,-0.9940828402366875,-1.4201183431952646,-0.3431952662721893,0.035502958579880506,30
2015-06-10 09:35:00,2015-06-14 17:00:00,2097.25,2076.2775,-1.0499999999999898,1,Fixed Percentage Stop Loss,long,-0.6079389676957869,-0.36953152938371536,0.7629038025986468,-0.16688520681845675,30
2015-06-16 13:08:00,2015-06-28 00:00:00,2088.25,2095.5,0.29718065365737517,4,MA Crossover,long,1.19717466778404,0.4190111337244007,0.7542200407039346,-0.8978810008380189,30
2015-07-02 07:35:00,2015-07-05 17:00:00,2076.75,2055.9825,-1.050000000000001,1,Fixed Percentage Stop Loss,long,-0.46948356807511304,-1.1917659804983716,-0.3009510051763531,2.0705429156133492,30
2015-07-06 09:45:00,2015-07-07 09:07:00,2068.75,2048.0625,-1.050000000000001,1,Fixed Percentage Stop Loss,long,-0.809667673716008,0.08459214501510548,1.6797583081570977,1.800604229607261,30
2015-07-09 08:19:00,2015-07-09 15:00:00,2063.25,2042.6175,-1.050000000000001,1,Fixed Percentage Stop Loss,long,0.3513873742881479,2.3021931418877983,2.738398158245481,0.7512419726160235,30
2015-07-10 00:56:00,2015-07-24 11:26:00,2065.25,2083.725,0.8445648226606817,5,Trailing Stop Loss,long,1.8520760198523112,2.445224549086067,2.638905701488925,0.6536738893596405,30
2015-07-29 02:29:00,2015-08-04 00:00:00,2091.75,2089.25,-0.16951715071112367,4,MA Crossover,long,0.35855145213337103,-0.2629377315644832,-0.4780686028445058,-0.5736823234134047,30
2015-08-05 05:36:00,2015-08-06 11:22:00,2092.5,2071.575,-1.050000000000012,1,Fixed Percentage Stop Loss,long,-0.9557945041816063,-1.2664277180406192,-0.6093189964157752,-3.703703703703709,30
2015-08-10 07:09:00,2015-08-11 20:27:00,2087.25,2066.3775,-1.050000000000001,1,Fixed Percentage Stop Loss,long,0.07186489399928497,0.11977482333214162,0.17966223499821243,-9.186728949574796,30
2015-08-12 14:34:00,2015-08-19 00:00:00,2084.75,2091.0,0.24979613862574085,4,MA Crossover,long,0.23983691090059267,0.29979613862574084,-3.3457249070631967,-4.928648519007073,30
2015-08-27 10:06:00,2015-08-27 13:58:00,1976.25,1956.4875,-1.050000000000001,1,Fixed Percentage Stop Loss,long,0.5060088551549713,-1.454775458570523,-2.9475015812776673,-1.2144212523719111,30
2015-08-28 00:00:00,2015-08-30 17:30:00,1982.5,1962.675,-1.050000000000001,1,Fixed Percentage Stop Loss,long,-2.1437578814628044,-1.7654476670870167,-3.2534678436317743,-1.525851197982342,30
2015-09-08 02:31:00,2015-09-09 13:42:00,1950.0,1952.1599999999999,0.0607692307692254,5,Trailing Stop Loss,long,0.3205128205128194,0.11538461538460609,1.8205128205128096,-1.3974358974358947,30
2015-09-10 00:50:00,2015-09-10 07:34:00,1951.0,1931.49,-1.050000000000001,1,Fixed Percentage Stop Loss,long,0.06406970784214039,1.7683239364428394,-0.03844182470528201,-1.8323936442849798,30
2015-09-11 15:01:00,2015-09-18 00:00:00,1951.25,1980.25,1.4362267777066007,4,MA Crossover,long,0.7815502882767555,1.460602178090964,-0.05124919923126248,-1.844971172325427,30
2015-09-21 06:17:00,2015-09-22 03:25:00,1958.0,1938.42,-1.050000000000001,1,Fixed Percentage Stop Loss,long,-1.8003064351378995,-2.183350357507663,-3.498467824310525,0.6384065372829317,30
2015-09-30 21:15:00,2015-10-01 10:55:00,1915.25,1896.0975,-1.050000000000001,1,Fixed Percentage Stop Loss,long,1.4488970108341048,2.8847408954444598,4.934081712570171,5.3387286255058175,30
2015-10-02 01:34:00,2015-10-02 07:31:00,1921.0,1901.79,-1.050000000000001,1,Fixed Percentage Stop Loss,long,2.5767829255596064,4.619989588755846,4.450806871421142,5.478917230609048,30
2015-10-04 00:00:00,2015-10-15 17:34:00,1943.0,2020.72,3.9500000000000037,3,Take Profit,long,1.4153371075656285,1.6469377251672634,3.268142048378797,4.284611425630458,30
2015-10-16 00:00:00,2015-11-02 14:26:00,2017.75,2098.46,3.9500000000000037,3,Take Profit,long,0.40887126750093206,-0.19824061454590813,2.341717259323506,2.7877586420517853,30
2015-11-03 00:00:00,2015-11-09 09:21:00,2094.25,2073.3075,-1.050000000000001,1,Fixed Percentage Stop Loss,long,0.09549958218932897,-0.03581234332099559,-0.740121761967294,-2.2681150769965353,30
2015-11-16 20:10:00,2015-12-03 11:20:00,2051.0,2062.9,0.5302047781570118,5,Trailing Stop Loss,long,1.5480253534861044,1.8405655777669505,1.7674305216967223,2.3768893222818166,30
2015-12-04 11:58:00,2015-12-08 00:00:00,2083.0,2072.25,-0.5660825732117181,4,MA Crossover,long,-0.9481517042726817,-1.4162265962553988,-4.044647143542967,-4.2366778684589494,30
2015-12-15 08:49:00,2015-12-17 15:00:00,2040.5,2031.295,-0.501114922813034,5,Trailing Stop Loss,long,-1.0904190149473192,-2.2420975251163933,0.4900759617740835,0.7473658417054718,30
2015-12-22 12:06:00,2015-12-31 15:00:00,2025.0,2033.5,0.36975308641974963,5,Trailing Stop Loss,long,1.2716049382716088,1.2716049382716088,1.518518518518519,-3.234567901234564,30
2016-01-22 03:06:00,2016-01-25 14:37:00,1888.25,1869.3675,-1.050000000000001,1,Fixed Percentage Stop Loss,long,-0.10591817820733151,0.2912749900701783,2.2772408314577053,-0.7679067920031812,30
2016-01-26 09:08:00,2016-01-27 14:05:00,1887.5,1871.8,-0.8817880794701971,5,Trailing Stop Loss,long,0.3311258278145601,2.3178807947019875,1.5364238410596087,-2.715231788079475,30
2016-01-28 01:46:00,2016-01-28 09:33:00,1886.0,1867.1399999999999,-1.050000000000012,1,Fixed Percentage Stop Loss,long,2.3992576882290617,1.6171792152704034,-0.649522799575819,-1.378579003181335,30
2016-01-29 00:10:00,2016-02-02 11:04:00,1895.25,1901.2,0.26394275161589215,5,Trailing Stop Loss,long,-0.0791452314997998,0.5408257485819856,-1.1344149848305007,-1.8599129402453451,30
2016-02-03 02:51:00,2016-02-03 09:03:00,1906.25,1887.1875,-1.050000000000001,1,Fixed Percentage Stop Loss,long,-1.704918032786884,-3.462295081967215,-4.118032786885251,0.6819672131147536,30
2016-02-12 14:18:00,2016-02-22 02:10:00,1859.75,1934.14,3.9500000000000037,3,Take Profit,long,1.4518080387148746,3.199354751982786,2.9305014114800354,4.38230945019491,30
2016-02-24 00:00:00,2016-02-24 08:45:00,1913.5,1894.365,-1.050000000000001,1,Fixed Percentage Stop Loss,long,1.8944342827279748,0.666318264959509,3.8149986934935987,3.958714397700547,30
2016-02-25 00:00:00,2016-02-29 00:09:00,1931.25,1929.375,-0.14708737864078109,5,Trailing Stop Loss,long,0.5177993527508029,2.627831715210349,3.055016181229764,3.663430420711977,30
2016-03-01 02:12:00,2016-03-10 11:42:00,1937.5,1970.045,1.6297419354838805,5,Trailing Stop Loss,long,2.7225806451612877,2.95483870967741,2.6709677419354927,4.232258064516126,30
2016-03-11 00:00:00,2016-04-07 13:09:00,1992.25,2030.07,1.8483561300037532,5,Trailing Stop Loss,long,0.627431296273051,1.3678002258752597,2.3340444221357837,1.9073911406700894,30
2016-04-08 02:19:00,2016-04-29 08:28:00,2047.25,2063.145,0.7264073757479561,5,Trailing Stop Loss,long,0.6472096715105735,1.4531688850897506,1.3432653559653174,1.8927830015875058,30
2016-05-02 12:48:00,2016-05-03 00:00:00,2072.5,2073.5,-0.0017490952955389726,4,MA Crossover,long,-0.9408926417370345,-0.8805790108564526,0.08443908323281235,-1.4837153196622488,30
2016-05-09 04:09:00,2016-05-15 17:00:00,2058.75,2038.1625,-1.050000000000001,1,Fixed Percentage Stop Loss,long,0.15786278081360017,-0.7893139040680008,-0.8257437765634479,1.0078931390406831,30
2016-05-16 10:00:00,2016-05-18 08:08:00,2056.25,2035.6875,-1.050000000000001,1,Fixed Percentage Stop Loss,long,-0.9604863221884474,-0.3039513677811523,1.1306990881458923,1.933130699088137,30
2016-05-20 08:50:00,2016-06-13 01:23:00,2051.0,2077.355,1.234982935153578,5,Trailing Stop Loss,long,1.3895660653339803,1.9137006338371565,2.3159434422233005,2.2549975621648066,30
2016-06-19 17:12:00,2016-06-23 20:05:00,2076.25,2077.11,-0.00857916917518793,5,Trailing Stop Loss,long,0.26490066225166586,-3.7206502107164363,-2.793497892835639,0.9632751354605729,30
2016-06-24 08:55:00,2016-06-24 13:23:00,2056.5,2035.935,-1.050000000000001,1,Fixed Percentage Stop Loss,long,-1.1427182105519074,1.5195720884998876,1.9328956965718458,3.1242402139557424,30
2016-06-29 05:03:00,2016-07-08 13:34:00,2042.5,2124.2000000000003,3.9500000000000037,3,Take Profit,long,2.6315789473684292,1.481028151774777,2.276621787025701,5.495716034271725,30
2016-07-10 00:00:00,2016-08-28 00:00:00,2120.75,2167.25,2.142620535188028,4,MA Crossover,long,0.4833195803371382,1.17882824472475,1.1906165271719837,2.2044088176352616,30
2016-08-29 08:38:00,2016-09-09 00:00:00,2175.75,2171.5,-0.24533494197403466,4,MA Crossover,long,-0.057451453521772944,0.16086406986097757,0.42514075606112645,-2.263587268757905,30
2016-09-12 13:39:00,2016-09-13 08:51:00,2152.75,2131.2225,-1.050000000000012,1,Fixed Percentage Stop Loss,long,-1.8232493322494436,-0.9406572988038597,-0.6851701312274971,-0.13935663685983313,30
2016-09-15 12:44:00,2016-10-07 00:00:00,2139.5,2152.75,0.5693035756017817,4,MA Crossover,long,-0.32717924748773,0.7478382799719574,0.8413180649684548,0.8062631455947544,30
2016-10-10 00:06:00,2016-10-11 00:00:00,2152.25,2155.25,0.08938901149959104,4,MA Crossover,long,-1.5100476245789252,-1.2080380996631446,-0.8247183180392637,-0.8944128237890592,30
2016-10-18 02:45:00,2016-11-01 10:31:00,2133.5,2112.165,-1.050000000000001,1,Fixed Percentage Stop Loss,long,-0.011717834544178185,0.11717834544175965,-0.08202484180923619,-2.1443637215842526,30
2016-11-07 03:14:00,2016-11-08 20:01:00,2109.25,2109.45,-0.040517956619662246,5,Trailing Stop Loss,long,2.7260874718501915,2.4297736162143035,3.342420291572834,4.37359250918572,30
2016-11-09 06:59:00,2016-11-21 11:44:00,2110.0,2194.4,3.9500000000000037,3,Take Profit,long,2.393364928909958,3.305687203791474,3.424170616113753,4.443127962085303,30
2016-11-22 00:00:00,2016-12-04 17:27:00,2201.25,2179.2375,-1.0499999999999898,1,Fixed Percentage Stop Loss,long,-0.07950028392958997,0.46564452015900315,0.022714366837028876,0.4429301533219743,30
2016-12-05 01:26:00,2017-01-25 06:53:00,2195.25,2283.06,3.9500000000000037,3,Take Profit,long,2.0043275253387893,2.755950347340841,3.245644004099768,3.2228675549481833,30
2017-01-29 00:00:00,2017-01-30 09:19:00,2289.75,2266.8525,-1.050000000000001,1,Fixed Percentage Stop Loss,long,-0.8516213560432306,-1.091822251337482,0.08734578010700655,1.0263129162572326,30
2017-01-31 15:57:00,2017-02-26 22:08:00,2278.0,2369.12,3.9500000000000037,3,Take Profit,long,-0.2524143985952576,0.6035996488147566,0.515803336259868,3.105794556628627,30
2017-02-28 00:00:00,2017-03-21 00:00:00,2366.75,2374.25,0.26689025034329356,4,MA Crossover,long,1.0668638428224408,0.5809654589627122,-0.22182317524030992,0.021126016689554383,30
2017-03-28 10:49:00,2017-04-13 14:35:00,2350.0,2327.5,-1.0074468085106425,5,Trailing Stop Loss,long,0.46808510638298717,0.31914893617022155,-0.3297872340425556,-0.42553191489361764,30
2017-04-17 14:17:00,2017-05-17 14:54:00,2341.75,2356.41,0.576027543503782,5,Trailing Stop Loss,long,-0.3095975232198178,0.14946087327853963,1.878936692644384,1.750827372691366,30
2017-05-19 09:27:00,2017-06-29 12:29:00,2380.75,2402.47,0.8623175469914812,5,Trailing Stop Loss,long,0.6300535545521457,1.323112464559495,1.4281213903181822,2.3732017221463897,30
2017-06-30 14:48:00,2017-08-10 00:00:00,2429.5,2467.0,1.4935274747890526,4,MA Crossover,long,-0.16464293064416546,-0.8437950195513522,-0.25725457913150507,1.1525005145091693,30
2017-08-14 08:43:00,2017-08-17 14:18:00,2459.25,2434.6575,-1.050000000000012,1,Fixed Percentage Stop Loss,long,0.24397682220189676,-1.3927010267357987,-0.43712513977838263,-0.4269594388533138,30
2017-08-22 09:53:00,2017-10-05 08:54:00,2443.25,2540.98,3.9500000000000037,3,Take Profit,long,-0.07162590811419234,-0.04092909035097181,0.5934718100890191,0.7981172618438448,30
2017-10-08 00:00:00,2017-11-30 11:11:00,2544.75,2646.54,3.9500000000000037,3,Take Profit,long,0.009824147755188584,0.25542784163474774,0.30454858041064625,1.1297769918459544,30
2017-12-01 00:00:00,2017-12-01 10:29:00,2641.5,2615.085,-1.050000000000001,1,Fixed Percentage Stop Loss,long,0.04732159757714349,-0.24607230740110175,0.5016089343176322,1.571077039560853,30
2017-12-03 00:00:00,2018-01-08 14:53:00,2642.75,2748.46,3.9500000000000037,3,Take Profit,long,0.0,-0.2932551319648091,0.45407246239712595,1.5230347176236947,30
2018-01-09 00:00:00,2018-01-24 09:15:00,2744.5,2854.28,3.9500000000000037,3,Take Profit,long,0.33703771178721365,1.6305337948624432,1.4483512479504412,3.4432501366369106,30
2018-01-25 00:00:00,2018-01-30 09:05:00,2840.0,2820.93,-0.7214788732394395,5,Trailing Stop Loss,long,1.223591549295766,-0.48415492957746276,-0.8098591549295819,-8.274647887323939,30
2018-01-31 02:43:00,2018-02-02 02:59:00,2836.5,2808.1349999999998,-1.050000000000012,1,Fixed Percentage Stop Loss,long,-2.7939361889652736,-5.9933016040895515,-8.16146659615724,-3.5959809624537264,30
2018-02-14 10:41:00,2018-02-21 15:00:00,2679.0,2699.6549999999997,0.7209966405375023,5,Trailing Stop Loss,long,2.136991414706979,1.2131392310563704,1.50242627846211,-0.13997760358342992,30
2018-02-22 07:54:00,2018-02-28 14:17:00,2710.75,2733.955,0.8060361523563653,5,Trailing Stop Loss,long,1.3003781241353929,-0.11067047864982138,-0.747025730886286,2.858987365120358,30
2018-03-05 10:39:00,2018-03-06 18:35:00,2709.5,2682.405,-1.0499999999999898,1,Fixed Percentage Stop Loss,long,0.47979331980070317,2.9064403026388685,2.168296733714703,0.6551024174201947,30
2018-03-07 07:25:00,2018-03-14 11:08:00,2709.0,2751.105,1.5042635658914782,5,Trailing Stop Loss,long,2.9254337393872287,2.187153931339969,1.6334440753045465,-2.9900332225913595,30
2018-03-16 00:30:00,2018-03-19 09:55:00,2755.5,2727.945,-1.0499999999999898,1,Fixed Percentage Stop Loss,long,-1.0252222827073165,-4.627109417528574,-5.770277626565057,-4.282344402104876,30
2018-03-29 13:11:00,2018-04-02 08:55:00,2648.75,2622.2625,-1.050000000000012,1,Fixed Percentage Stop Loss,long,-0.4247286455875465,0.40585181689476446,-1.6517225106182143,0.3964134025483679,30
2018-04-04 14:01:00,2018-04-06 12:49:00,2635.0,2618.805,-0.6646110056926113,5,Trailing Stop Loss,long,-1.1385199240986688,0.27514231499050634,0.8538899430740043,2.3244781783681168,30
2018-04-09 09:31:00,2018-04-20 14:05:00,2633.0,2664.13,1.1323015571591488,5,Trailing Stop Loss,long,0.5127231295100732,0.9969616407140114,3.000379794910746,-0.08545385491834923,30
2018-04-26 12:12:00,2018-04-30 00:00:00,2668.25,2678.25,0.32477747587371103,4,MA Crossover,long,0.12180267965895553,-1.4428932821137441,-0.1592804272463222,2.239295418345355,30
2018-05-04 10:35:00,2018-05-29 10:45:00,2654.25,2686.915,1.180667796929441,5,Trailing Stop Loss,long,0.6122256758029465,2.5525101252708016,2.7785626824903487,2.185174719789007,30
2018-05-30 10:33:00,2018-06-19 02:08:00,2718.5,2740.08,0.7438201213904649,5,Trailing Stop Loss,long,0.5977561155048772,1.4070259334191704,1.8760345778922272,2.5381644289130145,30
2018-06-20 00:20:00,2018-06-24 19:30:00,2773.25,2745.5175,-1.050000000000001,1,Fixed Percentage Stop Loss,long,-0.6039844947264061,-1.5775714414495656,-1.5775714414495656,-1.1538808257459676,30
2018-07-02 20:10:00,2018-07-25 14:42:00,2732.5,2841.8,3.9500000000000037,3,Take Profit,long,-0.6129917657822559,1.097895699908502,1.637694419030189,2.9551692589204093,30
2018-07-26 00:00:00,2018-07-30 11:04:00,2834.75,2806.4025,-1.0499999999999898,1,Fixed Percentage Stop Loss,long,-0.6173383896287188,-0.6349766293323955,-0.23811623599965248,0.4938707117029706,30
2018-07-31 08:24:00,2018-08-15 09:28:00,2816.75,2806.475,-0.4147821070382529,5,Trailing Stop Loss,long,0.39939646756013136,0.8697967515753913,1.437827283216464,0.4704002840152599,30
2018-08-16 06:04:00,2018-10-04 13:20:00,2837.25,2888.06,1.740818574323727,5,Trailing Stop Loss,long,0.5639263371222114,0.7665873645255061,1.3833817957529249,2.4583663758921404,30
2018-10-16 14:42:00,2018-10-18 10:34:00,2811.0,2782.89,-1.050000000000001,1,Fixed Percentage Stop Loss,long,-1.1205976520811123,-1.547491995731054,-5.042689434365,-3.3262184276058315,30
2018-10-31 03:25:00,2018-11-02 11:37:00,2702.5,2710.9249999999997,0.26174838112857374,5,Trailing Stop Loss,long,0.7400555041628065,2.1739130434782705,3.8112858464384836,0.9250693802035137,30
2018-11-05 03:55:00,2018-11-12 08:44:00,2720.0,2761.64,1.4808823529411652,5,Trailing Stop Loss,long,3.4099264705882426,2.159926470588225,0.2849264705882426,-2.564338235294117,30
2018-11-16 11:45:00,2018-11-19 09:10:00,2743.5,2716.065,-1.050000000000001,1,Fixed Percentage Stop Loss,long,-3.3989429560779993,-3.9456898122835815,-4.191725897576093,0.7472207034809442,30
2018-11-26 08:59:00,2018-12-02 17:00:00,2670.75,2777.58,3.9500000000000037,3,Take Profit,long,2.4150519516989544,3.491528596836102,1.5538706355892495,-0.46803332397267194,30
2018-12-11 07:35:00,2018-12-11 11:04:00,2671.75,2645.0325,-1.050000000000012,1,Fixed Percentage Stop Loss,long,-1.8059324412837974,-2.676148591746985,-6.877514737531576,-7.906802657434264,30
2018-12-12 06:46:00,2018-12-13 12:05:00,2668.0,2641.32,-1.0499999999999898,1,Fixed Percentage Stop Loss,long,-2.539355322338832,-4.291604197901044,-6.821589205397305,-6.446776611694149,30
2018-12-26 15:55:00,2018-12-27 02:54:00,2468.5,2443.815,-1.050000000000001,1,Fixed Percentage Stop Loss,long,0.7899534130038521,0.3848490986428921,-0.20255215718046893,4.922017419485525,30
2018-12-27 16:00:00,2019-01-02 02:03:00,2489.25,2472.54,-0.721286532087978,5,Trailing Stop Loss,long,-0.050215928492514106,-0.6327206990057288,1.6169528974590675,4.268353921864021,30
2019-01-04 08:37:00,2019-01-09 08:53:00,2487.75,2587.26,3.9500000000000037,3,Take Profit,long,3.858908652396753,4.110139684453817,4.331222992664063,7.607275650688372,30
2019-01-10 00:00:00,2019-01-18 11:00:00,2570.25,2673.06,3.9500000000000037,3,Take Profit,long,0.9823947086859297,1.653535648283233,2.7721038809454424,3.063904289466013,30
2019-01-23 00:00:00,2019-02-08 10:02:00,2636.0,2682.995,1.7328148710166802,5,Trailing Stop Loss,long,0.49317147192715627,0.07587253414265138,1.9062974203338356,3.3383915022761723,30
2019-02-08 13:48:00,2019-02-25 08:19:00,2700.75,2808.78,3.9500000000000037,3,Take Profit,long,1.9901879107655285,1.2033694344163681,2.8510598907710794,3.4990280477645186,30
2019-02-26 00:00:00,2019-03-07 08:42:00,2787.5,2763.355,-0.9161883408071725,5,Trailing Stop Loss,long,-0.0358744394618804,0.6995515695067178,-0.11659192825111964,0.16143497757847847,30
2019-03-11 09:53:00,2019-03-22 11:42:00,2775.5,2808.68,1.1454602774274736,5,Trailing Stop Loss,long,1.4501891551071955,1.9636101603314637,2.0716987930102793,1.8465141415961117,30
2019-03-26 05:24:00,2019-03-27 10:54:00,2820.0,2791.8,-1.0499999999999898,1,Fixed Percentage Stop Loss,long,0.24822695035460196,0.6914893617021356,2.039007092198575,2.624113475177303,30
2019-03-28 08:31:00,2019-04-23 10:27:00,2818.75,2931.5,3.9500000000000037,3,Take Profit,long,0.7361419068736108,2.0842572062084175,2.8026607538802706,3.2993348115299304,30
2019-04-26 00:00:00,2019-05-02 10:47:00,2924.0,2902.025,-0.8015389876880941,5,Trailing Stop Loss,long,0.521545827633374,0.034199726402195374,0.8635430916552611,-1.2568399452804413,30
2019-05-03 08:32:00,2019-05-05 17:00:00,2935.25,2905.8975,-1.050000000000001,1,Fixed Percentage Stop Loss,long,-1.4308832297078578,-2.62328592113108,-1.6352951196661247,-2.521079976151941,30
2019-05-06 13:30:00,2019-05-07 08:51:00,2926.5,2897.235,-1.050000000000001,1,Fixed Percentage Stop Loss,long,-1.8708354689902618,-1.3411925508286404,-2.819067145053822,-2.092943789509649,30
2019-05-16 05:33:00,2019-05-20 07:34:00,2866.0,2837.34,-1.0499999999999898,1,Fixed Percentage Stop Loss,long,-0.1657362177250543,-0.6542219120725723,-1.221214235868806,-3.9602233077459914,30
2019-05-21 09:43:00,2019-05-23 02:10:00,2865.25,2836.5975,-1.050000000000001,1,Fixed Percentage Stop Loss,long,-1.2826105924439446,-1.1953581711892536,-2.7659017537736696,-1.343687287322226,30
2019-06-04 10:27:00,2019-06-10 09:46:00,2787.25,2898.7400000000002,3.9500000000000037,3,Take Profit,long,2.2513229886088393,3.2379585613059536,3.211050318414199,5.659700421562475,30
2019-06-13 00:00:00,2019-07-03 09:42:00,2876.25,2991.3,3.9500000000000037,3,Take Profit,long,0.538896132116462,1.773142112125159,2.57279443720122,1.9469795740982176,30
2019-07-04 00:00:00,2019-07-08 22:22:00,2999.75,2969.7525,-1.050000000000001,1,Fixed Percentage Stop Loss,long,-0.26668889074089597,-0.6333861155096265,0.3750312526043853,0.25835486290524123,30
2019-07-09 09:34:00,2019-07-31 13:52:00,2976.0,2968.91,-0.2882392473118333,5,Trailing Stop Loss,long,1.1760752688172005,1.285282258064524,0.10080645161290036,1.5625,30
2019-08-08 10:34:00,2019-08-12 10:11:00,2920.25,2891.0475,-1.050000000000001,1,Fixed Percentage Stop Loss,long,0.11985275233283854,-2.3713723140142084,-0.9845047513055372,-2.3542504922523744,30
2019-08-13 08:46:00,2019-08-14 07:10:00,2917.5,2888.325,-1.050000000000001,1,Fixed Percentage Stop Loss,long,-1.876606683804627,-0.8911739502999172,0.35132819194516607,-1.2425021422450722,30
2019-08-18 17:00:00,2019-08-23 10:09:00,2900.75,2880.955,-0.7324097216237224,5,Trailing Stop Loss,long,0.16375075411532158,1.0773075928639075,-1.6978367663535332,0.7928983883478402,30
2019-08-26 04:37:00,2019-08-26 09:12:00,2887.0,2858.13,-1.050000000000001,1,Fixed Percentage Stop Loss,long,-0.19916868721856495,1.2729476965708253,1.3075857291305892,3.281953585036379,30
2019-08-28 10:26:00,2019-09-11 14:54:00,2883.5,2998.84,3.9500000000000037,3,Take Profit,long,1.39587307092075,1.4305531472169175,3.2512571527657297,4.638460204612449,30
2019-09-12 00:00:00,2019-09-15 19:27:00,3014.0,2983.86,-1.050000000000001,1,Fixed Percentage Stop Loss,long,-0.2322495023224902,-0.3400796284007912,-0.1410086264100885,-1.252488387524886,30
2019-09-16 00:01:00,2019-09-24 11:41:00,2990.25,2964.0099999999998,-0.9275186021235726,5,Trailing Stop Loss,long,0.3093386840565149,-0.03344201989800011,-0.4849092885210293,-1.5550539252570883,30
2019-09-30 11:26:00,2019-10-01 00:00:00,2983.75,2989.25,0.1343317972350267,4,MA Crossover,long,-3.2425638877251806,-1.105990783410138,-2.873900293255127,0.15919564306661194,30
2019-10-04 14:47:00,2019-10-08 05:20:00,2949.5,2920.005,-1.050000000000001,1,Fixed Percentage Stop Loss,long,-1.7460586540091527,0.13561620613662395,0.7035090693337853,1.347686048482788,30
2019-10-10 08:58:00,2019-11-01 08:54:00,2938.0,3055.52,3.9500000000000037,3,Take Profit,long,1.097685500340373,1.7699115044247815,1.7443839346494183,2.782505105513966,30
2019-11-03 00:00:00,2019-12-03 07:11:00,3063.0,3094.84,0.9895037544890684,5,Trailing Stop Loss,long,0.5631733594515076,0.342801175318308,0.9467841984982073,1.8282729350310056,30
2019-12-05 04:32:00,2019-12-26 18:40:00,3121.75,3246.62,3.9500000000000037,3,Take Profit,long,0.7928245375190102,0.7447745655481786,1.7217906622887913,3.2914230800032085,30
2019-12-29 00:00:00,2020-01-07 17:38:00,3236.5,3204.1349999999998,-1.050000000000012,1,Fixed Percentage Stop Loss,long,-0.29352695813378293,0.11586590452650203,-0.03089757454040054,0.8342345125907702,30
2020-01-08 04:55:00,2020-01-26 17:00:00,3240.75,3270.75,0.8757116408238896,5,Trailing Stop Loss,long,0.7019979942914478,1.2728535061328428,2.406850266142091,2.753992131451044,30
2020-01-28 21:17:00,2020-01-29 00:00:00,3290.25,3286.75,-0.1563748955246524,4,MA Crossover,long,0.0,-1.9223463262669993,1.9223463262669993,2.393435149304768,30
2020-01-30 15:00:00,2020-01-31 09:29:00,3285.5,3252.645,-1.050000000000001,1,Fixed Percentage Stop Loss,long,-1.7805509054938384,2.069700197838986,1.1413787855729662,2.891492923451522,30
2020-02-03 23:43:00,2020-02-21 12:54:00,3267.5,3329.5499999999997,1.849005355776584,5,Trailing Stop Loss,long,2.6319816373374216,1.698546289211933,3.006885998469788,3.4047436878347437,30
2020-05-08 03:28:00,2020-05-12 14:35:00,2902.75,2888.06,-0.556071828438548,5,Trailing Stop Loss,long,-1.5244165015933175,-1.800017225045214,-1.6536043407113898,1.8430798380845825,30
2020-05-18 07:39:00,2020-05-19 14:59:00,2925.25,2916.725,-0.34142808306982236,5,Trailing Stop Loss,long,1.0170070934108155,1.0597384838902713,3.0424750021365687,5.563627040423902,30
2020-05-20 03:15:00,2020-05-21 22:37:00,2940.75,2916.235,-0.8836308764770873,5,Trailing Stop Loss,long,0.5270764260817851,2.4993624075490883,3.094448695060792,6.31641588030265,30
2020-05-22 01:00:00,2020-05-27 09:43:00,2918.75,2974.2999999999997,1.8532119914346834,5,Trailing Stop Loss,long,3.271948608137043,3.8715203426124223,4.7451820128479705,9.130620985010696,30
2020-05-29 00:00:00,2020-05-29 11:54:00,3030.75,3000.4425,-1.050000000000001,1,Fixed Percentage Stop Loss,long,0.3629464653963632,2.680854573950353,5.097748082157882,0.16497566608926206,30
2020-05-31 00:00:00,2020-05-31 17:00:00,3057.25,3026.6775,-1.050000000000012,1,Fixed Percentage Stop Loss,long,-0.5069915773979861,1.7908250879058007,4.186769155286618,-0.7032463815520473,30
2020-06-02 00:00:00,2020-06-05 07:41:00,3042.75,3164.46,3.9500000000000037,3,Take Profit,long,2.2759017336291265,4.6832634951935015,5.899268753594611,2.4237942650562783,30
2020-06-07 00:00:00,2020-06-10 18:20:00,3185.25,3166.625,-0.6347264735892033,5,Trailing Stop Loss,long,1.1537555921827147,-1.0203280747194121,-4.693509143709285,-4.002825523899222,30
2020-06-23 08:02:00,2020-06-23 17:57:00,3142.0,3110.58,-1.050000000000001,1,Fixed Percentage Stop Loss,long,-2.1085295989815456,-4.423933800127311,-1.1537237428389524,0.6922342457033714,30
2020-06-30 14:42:00,2020-07-09 09:58:00,3082.25,3120.32,1.1851366696406795,5,Trailing Stop Loss,long,1.3220861383729465,1.0868683591532147,2.644172276745893,4.014924162543587,30
2020-07-10 07:39:00,2020-07-13 14:33:00,3138.25,3161.725,0.6980283597546266,5,Trailing Stop Loss,long,2.30223850872302,2.0473193658886224,2.405799410499476,2.0791842587429388,30
2020-07-14 14:21:00,2020-07-23 13:13:00,3167.75,3218.81,1.5618696235498442,5,Trailing Stop Loss,long,1.0969931339278594,1.4521347959908448,3.1410307000236726,2.485991634440854,30
2020-07-26 21:45:00,2020-08-09 23:22:00,3222.75,3351.6600000000003,3.9500000000000037,3,Take Profit,long,-0.5197424559770347,0.9619114110619886,1.4506244666821821,3.863160344426353,30
2020-08-10 00:00:00,2020-08-27 08:17:00,3351.5,3485.56,3.9500000000000037,3,Take Profit,long,-0.6564224973892308,0.641503804266752,0.8802028942264561,2.7152021482918176,30
2020-08-30 00:00:00,2020-09-03 09:39:00,3506.75,3515.2599999999998,0.19267484137734386,5,Trailing Stop Loss,long,-0.07842018963427622,1.9319883082626443,-2.6163826905254206,-4.833535324730875,30
2020-09-14 09:28:00,2020-09-16 20:51:00,3390.75,3356.8424999999997,-1.050000000000012,1,Fixed Percentage Stop Loss,long,-1.518838015188384,-2.1676620216766196,-2.6837720268377163,-2.3077490230774877,30
2020-09-25 14:18:00,2020-09-30 01:07:00,3294.25,3295.74,-0.004769674432730754,5,Trailing Stop Loss,long,0.5539955983911327,1.2521818319799705,1.5557410639751135,5.532367003111482,30
2020-09-30 05:42:00,2020-10-02 00:01:00,3321.0,3320.24,-0.07288467329117916,5,Trailing Stop Loss,long,0.7377295995182109,1.0915386931647175,4.0575127973502045,4.546823246010234,30
2020-10-04 00:00:00,2020-10-06 14:06:00,3345.5,3353.315,0.18359736960095746,5,Trailing Stop Loss,long,1.479599461963832,2.1745628456135035,3.915707667015389,3.564489612912869,30
2020-10-07 00:39:00,2020-10-12 07:34:00,3363.25,3497.78,3.9500000000000037,3,Take Profit,long,3.3672786739017413,4.504571471047347,3.2334795212963563,2.638816620828077,30
2020-10-15 00:00:00,2020-10-15 04:45:00,3470.75,3436.0425,-1.050000000000001,1,Fixed Percentage Stop Loss,long,-0.1728732982784753,-0.4393862997911113,-0.5402290571202228,-5.791255492328751,30
2020-10-18 17:00:00,2020-10-19 13:37:00,3472.5,3437.775,-1.050000000000001,1,Fixed Percentage Stop Loss,long,-0.4895608351331848,-0.5903527717782575,-0.568754499640034,-5.593952483801301,30
2020-10-20 12:15:00,2020-10-20 15:37:00,3459.5,3424.9049999999997,-1.050000000000012,1,Fixed Percentage Stop Loss,long,-0.21679433444139473,-0.19511490099725082,-4.639398757045821,0.325191501662081,30
2020-10-22 13:16:00,2020-10-26 02:24:00,3450.25,3415.7475,-1.050000000000001,1,Fixed Percentage Stop Loss,long,0.07245851749873022,-4.383740308673289,-4.985146003912755,1.731758568219699,30
2020-11-04 09:44:00,2020-11-09 05:46:00,3444.5,3582.28,3.9500000000000037,3,Take Profit,long,1.9015822325446408,2.946726665698951,2.5693133981709915,3.462040934823629,30
2020-11-10 00:00:00,2020-11-18 14:59:00,3524.5,3564.2599999999998,1.0781032770605659,5,Trailing Stop Loss,long,0.7306000851184491,1.631437083274223,1.9790041140587356,3.064264434671582,30
2020-11-22 18:17:00,2020-12-06 17:00:00,3561.0,3703.44,3.9500000000000037,3,Take Profit,long,2.0078629598427433,1.9306374613872412,2.134231957315369,3.6295984274080206,30
2020-12-08 00:00:00,2020-12-10 07:58:00,3682.0,3645.18,-1.050000000000001,1,Fixed Percentage Stop Loss,long,-0.2987506789788208,-0.7944052145573033,0.101846822379148,-0.2919608908202087,30
2020-12-15 06:14:00,2020-12-21 04:07:00,3668.0,3649.52,-0.5538167938931304,5,Trailing Stop Loss,long,0.9950926935659687,1.3222464558342528,0.5384405670665116,1.5744274809160297,30
2020-12-22 02:41:00,2021-01-04 10:03:00,3684.0,3697.785,0.3241856677524469,5,Trailing Stop Loss,long,0.23751357220411773,0.23751357220411773,1.1332790445168328,2.0969055374592926,30
2021-01-05 13:00:00,2021-01-15 09:20:00,3719.0,3748.0099999999998,0.7300484001075469,5,Trailing Stop Loss,long,2.5141166980371166,2.769561710137136,2.4670610379134095,3.7308416240924958,30
2021-01-18 17:53:00,2021-01-27 08:32:00,3772.75,3785.005,0.274829368497781,5,Trailing Stop Loss,long,2.252998475912804,1.5174607381883254,1.7825193824133612,1.6831223908289727,30
2021-01-28 09:33:00,2021-01-28 19:49:00,3797.5,3759.525,-1.050000000000001,1,Fixed Percentage Stop Loss,long,-2.659644502962477,0.5332455562870209,2.2975641869651175,3.6405529953916993,30
2021-02-01 12:59:00,2021-02-09 19:56:00,3767.75,3918.46,3.9500000000000037,3,Take Profit,long,1.327051954084002,3.1053015725565736,4.020967420874522,4.246566253068806,30
2021-02-11 00:00:00,2021-02-22 01:15:00,3905.75,3880.065,-0.7076201753824451,5,Trailing Stop Loss,long,0.7680983165845312,0.5632720988286488,-0.03840491582922656,-2.5411252640337945,30
2021-02-24 10:53:00,2021-02-25 00:00:00,3903.0,3931.25,0.6738022034332658,4,MA Crossover,long,-2.440430438124519,-0.49321035101204114,-3.4332564693825285,0.666154240327943,30
2021-03-01 08:34:00,2021-03-03 09:17:00,3866.5,3833.7599999999998,-0.8967606362343228,5,Trailing Stop Loss,long,-1.849217638691325,-0.6724427777059394,-0.0581921634553173,2.1660416397258464,30
2021-03-05 14:15:00,2021-03-08 03:22:00,3838.75,3800.3625,-1.0499999999999898,1,Fixed Percentage Stop Loss,long,0.6642787365678915,2.3510257245197064,2.4552263106480066,1.5109084988603083,30
2021-03-08 07:56:00,2021-03-19 01:12:00,3839.75,3898.93,1.4912461748811834,5,Trailing Stop Loss,long,1.9402304837554452,2.4285435249690845,2.877791522885609,1.5300475291360138,30
2021-03-22 08:53:00,2021-03-24 15:00:00,3917.75,3878.5724999999998,-1.050000000000001,1,Fixed Percentage Stop Loss,long,-0.7785080722353399,1.1358560398187834,0.7593644311147951,3.7585348733329083,30
2021-03-25 18:25:00,2021-04-05 10:35:00,3909.5,4065.88,3.9500000000000037,3,Take Profit,long,1.349277401202209,1.5091443918659575,3.0118941041053837,5.23084793451849,30
2021-04-06 00:00:00,2021-05-04 10:13:00,4059.25,4126.78,1.6136078093243744,5,Trailing Stop Loss,long,0.7021001416517736,1.3487713247521071,1.878425817577134,1.4842643345445605,30
2021-05-06 10:50:00,2021-05-10 20:42:00,4178.0,4153.485,-0.6367640019147969,5,Trailing Stop Loss,long,1.166826232647189,-2.5311153662039287,-0.11369076112972554,-0.48468166586883576,30
2021-05-14 09:22:00,2021-05-18 15:37:00,4154.5,4112.955,-1.050000000000001,1,Fixed Percentage Stop Loss,long,-1.215549404260441,0.1985798531712657,0.07822842700686561,1.1734264051028953,30
2021-05-20 10:09:00,2021-06-18 00:00:00,4145.25,4215.5,1.6447108135818123,4,MA Crossover,long,0.3015499668294952,1.0192388878837333,1.3991918460888986,1.990229781074726,30
2021-06-21 09:36:00,2021-07-12 09:09:00,4200.0,4368.0,3.9500000000000037,3,Take Profit,long,0.9821428571428648,1.773809523809522,2.0892857142857046,3.1190476190476213,30
2021-07-14 00:00:00,2021-07-18 18:28:00,4352.5,4308.975,-1.0499999999999898,1,Fixed Percentage Stop Loss,long,-0.01723147616312648,-2.085008615738082,0.011487650775410252,0.8271108558299822,30
2021-07-20 11:03:00,2021-08-18 15:36:00,4317.75,4386.97,1.5531497886630719,5,Trailing Stop Loss,long,1.2217011174801673,1.8875571767703159,1.638584911122698,1.9570378090440599,30
2021-08-20 09:04:00,2021-09-10 14:54:00,4428.25,4458.51,0.6333399198328926,5,Trailing Stop Loss,long,1.0952407836052558,1.078304070456726,1.7896460226952016,2.382430982893924,30
2021-09-23 04:08:00,2021-09-28 08:50:00,4418.5,4382.5599999999995,-0.8633982120629324,5,Trailing Stop Loss,long,0.6223831617064635,-0.9958130587303438,-1.5333257892950147,-0.8600203689034691,30
2021-10-05 09:50:00,2021-10-06 02:05:00,4348.25,4304.7675,-1.050000000000001,1,Fixed Percentage Stop Loss,long,0.9889035819007574,0.7416776864255681,0.48870235152072006,3.921117691025122,30
2021-10-06 14:56:00,2021-10-11 19:36:00,4354.25,4333.07,-0.5364213125107764,5,Trailing Stop Loss,long,0.6028592754205642,-0.3617155652523407,2.112878222426362,4.191307343400119,30
2021-10-12 05:57:00,2021-10-20 09:31:00,4356.5,4530.76,3.9500000000000037,3,Take Profit,long,2.060140020658796,2.4962699414667666,3.7243199816366257,4.493285894640198,30
2021-10-21 00:00:00,2021-11-05 08:24:00,4518.0,4698.72,3.9500000000000037,3,Take Profit,long,0.2490039840637559,1.101150951748564,1.1398849048251503,3.458388667552015,30
2021-11-07 00:00:00,2021-11-10 13:23:00,4685.75,4638.8925,-1.050000000000001,1,Fixed Percentage Stop Loss,long,0.03201195112843003,-0.8376460545270192,-0.10137117857333955,0.2560956090273736,30
2021-11-11 00:31:00,2021-11-26 00:00:00,4649.75,4653.5,0.030649497284790425,4,MA Crossover,long,0.6720791440399942,0.8978977364374474,1.0323135652454463,-1.5215871821065652,30
2021-12-06 11:54:00,2021-12-14 07:49:00,4595.75,4628.785,0.6688162976663248,5,Trailing Stop Loss,long,2.067127237121258,2.3717565141706975,0.8431703204047292,0.8921285970733939,30
2021-12-15 14:14:00,2021-12-16 13:49:00,4670.25,4648.385,-0.5181762218296637,5,Trailing Stop Loss,long,-1.0920186285530709,-0.7173063540495739,0.995664043680744,2.060917509769289,30
2021-12-21 12:35:00,2022-01-05 14:07:00,4631.75,4712.085,1.6844416257354167,5,Trailing Stop Loss,long,1.8351594969503893,1.8351594969503893,3.1845414800021565,0.9283748043396045,30
2022-01-11 14:30:00,2022-01-13 14:46:00,4704.0,4656.96,-1.050000000000001,1,Fixed Percentage Stop Loss,long,-0.9885204081632626,-0.8503401360544172,-3.475765306122447,-8.891369047619047,30
2022-01-27 08:48:00,2022-01-27 09:39:00,4415.25,4371.0975,-1.050000000000001,1,Fixed Percentage Stop Loss,long,0.10191948360795955,2.723515089745776,1.5910763829907637,0.0622841288715259,30
2022-01-28 14:56:00,2022-02-03 13:36:00,4417.0,4494.28,1.6996038034865213,5,Trailing Stop Loss,long,3.271451211229337,2.456418383518222,1.5508263527280963,0.022639800769752583,30
2022-02-08 10:13:00,2022-02-10 14:32:00,4493.5,4493.3,-0.05445087348391882,5,Trailing Stop Loss,long,-0.7789028596862146,-1.6802047401802578,-0.9513742071881603,-8.022699454768,30
2022-02-15 04:00:00,2022-02-17 08:54:00,4456.0,4411.44,-1.050000000000012,1,Fixed Percentage Stop Loss,long,-1.228680430879714,-2.5078545780969463,-7.248653500897662,-1.5596947935368033,30
2022-02-25 09:44:00,2022-02-27 17:00:00,4329.0,4296.565,-0.799249249249262,5,Trailing Stop Loss,long,-0.23100023100023348,0.18480018480018234,-0.2021252021252029,-3.0549780549780525,30
2022-02-28 10:40:00,2022-02-28 13:04:00,4372.5,4328.775,-1.050000000000012,1,Fixed Percentage Stop Loss,long,0.3201829616924057,-1.1949685534591192,-4.459691252144083,-2.7844482561463657,30
2022-03-15 15:21:00,2022-03-16 13:30:00,4252.0,4252.955,-0.027539981185326037,5,Trailing Stop Loss,long,2.8574788334901235,5.009407337723415,4.885936030103477,8.319614299153333,30
2022-03-17 00:00:00,2022-03-24 20:54:00,4347.25,4521.14,3.9500000000000037,3,Take Profit,long,2.7086088906780104,3.7840013801828665,4.071539478980957,4.491345103226174,30
2022-03-25 00:00:00,2022-03-31 14:56:00,4522.0,4538.38,0.31222910216718863,5,Trailing Stop Loss,long,1.0891198584697115,1.8520566121185356,0.36488279522335354,-0.8513931888544879,30
2022-04-03 00:00:00,2022-04-06 03:45:00,4538.5,4496.975,-0.9649498733061479,5,Trailing Stop Loss,long,0.7766883331497221,-1.784730637875953,-1.211854136829349,-3.2940398810179627,30
2022-04-12 08:53:00,2022-04-12 12:03:00,4466.0,4421.34,-1.050000000000001,1,Fixed Percentage Stop Loss,long,-1.7241379310344862,-1.7241379310344862,0.19592476489027622,-5.63703537841469,30
2022-04-19 09:10:00,2022-04-21 13:03:00,4429.75,4418.82,-0.2967407867261184,5,Trailing Stop Loss,long,-1.1400191884417876,-4.0295727749873,-4.864834358598113,-2.991139454822511,30
2022-04-28 13:45:00,2022-04-28 17:00:00,4292.0,4249.08,-1.050000000000001,1,Fixed Percentage Stop Loss,long,-3.6113699906803354,0.1223205964585361,-4.222972972972972,-6.477166821994407,30
2022-05-04 13:52:00,2022-05-05 08:57:00,4231.75,4216.94,-0.39997341525374597,5,Trailing Stop Loss,long,-2.8593371536598355,-5.157440775093047,-6.268092396762571,-7.112896555798431,30
2022-05-16 13:26:00,2022-05-18 08:57:00,4034.25,4013.1,-0.5742610150585581,5,Trailing Stop Loss,long,-2.6089111978682578,-3.2781805787940765,-1.7785214104232505,2.7948193592365334,30
2022-05-23 10:31:00,2022-05-24 00:37:00,3965.0,3925.35,-1.050000000000001,1,Fixed Percentage Stop Loss,long,0.031525851197988786,5.119798234552331,4.590163934426239,4.4010088272383285,30
2022-05-24 22:43:00,2022-05-25 06:25:00,3964.5,3924.855,-1.050000000000001,1,Fixed Percentage Stop Loss,long,2.2133938706015988,5.13305587085382,3.493504855593388,3.7079076806659117,30
2022-05-26 02:34:00,2022-05-27 14:06:00,3982.0,4141.28,3.9500000000000037,3,Take Profit,long,4.671019588146663,3.038674033149169,3.2019085886489274,-1.921145153189352,30
2022-05-29 00:00:00,2022-05-31 04:40:00,4168.0,4126.32,-1.050000000000012,1,Fixed Percentage Stop Loss,long,-0.053982725527834674,-1.5595009596928944,-1.4035508637236127,-6.297984644913623,30
2022-06-02 02:00:00,2022-06-03 10:05:00,4109.25,4105.22,-0.1480714242258207,5,Trailing Stop Loss,long,0.006083835249737213,0.054754517247679324,-4.95832572853927,-10.35468759505993,30
2022-06-05 17:00:00,2022-06-07 06:10:00,4114.0,4084.8849999999998,-0.7577053962080804,5,Trailing Stop Loss,long,0.6198347107438051,-2.339572192513373,-5.068060281964026,-10.458191541079243,30
2022-06-07 09:32:00,2022-06-09 13:24:00,4120.75,4080.72,-1.0214251046532785,5,Trailing Stop Loss,long,-2.4995449857428853,-5.223563671661713,-7.795910938542738,-8.809076017715222,30
2022-06-22 09:54:00,2022-06-22 18:23:00,3784.75,3746.9025,-1.050000000000001,1,Fixed Percentage Stop Loss,long,3.434837175506966,1.2550366602813945,-0.8851311183037169,2.866767950326965,30
2022-06-23 05:29:00,2022-06-26 21:33:00,3782.75,3934.06,3.9500000000000037,3,Take Profit,long,3.4895248166016746,0.6873306456942618,1.1301301962857613,3.244993721498912,30
2022-07-01 14:13:00,2022-07-05 07:12:00,3821.5,3783.285,-1.050000000000001,1,Fixed Percentage Stop Loss,long,0.1831741462776426,1.877534999345798,2.198089755331667,1.1840900170090318,30
2022-07-06 02:00:00,2022-07-11 19:49:00,3833.75,3843.56,0.20588522986632612,5,Trailing Stop Loss,long,1.871535702641025,-0.13042060645581666,-0.7825236387349221,3.9126181936746107,30
2022-07-15 08:28:00,2022-07-18 14:38:00,3840.25,3831.31,-0.28279734392291916,5,Trailing Stop Loss,long,3.105266584206756,3.7367358895905145,3.2029164767918727,7.6101816288002055,30
2022-07-19 05:32:00,2022-07-26 09:33:00,3868.75,3935.9249999999997,1.6863489499192086,5,Trailing Stop Loss,long,2.972536348949917,2.4426494345718863,3.7996768982229367,7.327948303715681,30
2022-07-27 00:00:00,2022-07-29 09:06:00,3958.75,4117.1,3.9500000000000037,3,Take Profit,long,3.5112093463845806,3.6564572150300068,4.887906536154096,6.5866750868329715,30
2022-08-03 00:00:00,2022-08-12 13:33:00,4101.75,4265.82,3.9500000000000037,3,Take Profit,long,1.5054549887243196,1.2128969342353857,2.8707259096727,4.0897178033766135,30
2022-08-15 00:00:00,2022-08-19 08:54:00,4272.0,4240.95,-0.7768258426966324,5,Trailing Stop Loss,long,0.9012172284644127,0.1345973782771459,-3.031367041198507,-5.30196629213483,30
2022-08-25 14:46:00,2022-08-26 00:00:00,4193.25,4194.5,-0.02019018660944223,4,MA Crossover,long,-3.5891015322244035,-6.164669409169498,-6.200441185238182,-3.028677040481731,30
2022-09-07 13:02:00,2022-09-12 09:18:00,3975.5,4134.52,3.9500000000000037,3,Take Profit,long,2.2827317318576235,-0.41504213306502447,-2.087787699660415,-5.433278832851219,30
2022-10-03 13:13:00,2022-10-06 17:00:00,3693.0,3743.6,1.3201597617113536,5,Trailing Stop Loss,long,3.2764689953966863,-1.1440563227728129,-2.064717032223129,1.7939344706200844,30
2022-10-21 09:47:00,2022-10-24 03:42:00,3700.5,3736.985,0.9359478448858372,5,Trailing Stop Loss,long,3.648155654641272,2.675314146736918,6.012700986353203,1.952438859613559,30
2022-10-25 00:00:00,2022-10-27 13:57:00,3811.75,3819.5499999999997,0.15463041909883907,5,Trailing Stop Loss,long,1.3379681248770314,2.9186069390699787,1.692136157932711,0.5050173804682867,30
2022-10-28 07:30:00,2022-11-02 08:33:00,3817.25,3849.44,0.7932772283712086,5,Trailing Stop Loss,long,1.5456152989717697,-2.108847992664875,-1.1657606915973506,4.774379461654332,30
2022-11-07 05:03:00,2022-11-09 09:57:00,3802.75,3789.66,-0.39422457432121694,5,Trailing Stop Loss,long,-1.012425218591806,5.173887318388015,5.311945302741439,5.463151666557087,30
2022-11-10 07:30:00,2022-11-11 12:52:00,3844.5,3998.28,3.9500000000000037,3,Take Profit,long,4.031733645467561,3.3554428404213743,3.303420470802454,4.935622317596566,30
2022-11-14 00:00:00,2022-11-15 12:35:00,3982.0,3969.735,-0.35801104972375536,5,Trailing Stop Loss,long,0.5713209442491207,-0.740833751883474,-0.6152687091913633,0.025113008538424353,30
2022-11-18 00:00:00,2022-11-28 13:22:00,3953.25,3968.265,0.3298140770252312,5,Trailing Stop Loss,long,0.10750648200847923,2.1943970151141468,2.0489470688673794,2.871055460696903,30
2022-11-30 13:00:00,2022-12-02 07:30:00,4011.75,4027.7999999999997,0.3500747803327709,5,Trailing Stop Loss,long,1.370972767495493,-1.5703869882220944,-0.9347541596560149,-2.0813859288340453,30
2022-12-12 14:08:00,2022-12-13 07:30:00,3977.75,4096.4,2.932842058952917,5,Trailing Stop Loss,long,1.4204009804537732,-2.6585381182829493,-2.790522280183516,-3.0796304443466815,30
2022-12-21 10:00:00,2022-12-22 07:48:00,3912.25,3873.1275,-1.050000000000001,1,Fixed Percentage Stop Loss,long,-1.12467250303534,-1.4569621062048732,-1.25247619656208,-1.81481244807975,30
2022-12-26 17:50:00,2022-12-27 08:36:00,3894.0,3855.06,-1.050000000000001,1,Fixed Percentage Stop Loss,long,-2.170005136106834,-0.667693888032872,-1.078582434514641,1.251926040061635,30
2022-12-29 09:35:00,2022-12-30 08:48:00,3869.5,3830.805,-1.050000000000001,1,Fixed Percentage Stop Loss,long,-0.03876469828143492,0.07106861351595661,1.1435585993022412,3.8635482620493544,30
2023-01-04 07:24:00,2023-01-05 08:40:00,3867.75,3829.0724999999998,-1.050000000000001,1,Fixed Percentage Stop Loss,long,1.1893219572102653,1.939111886755862,3.277099088617419,1.4995798590911935,30
2023-01-06 07:52:00,2023-01-06 08:44:00,3876.0,3837.24,-1.050000000000001,1,Fixed Percentage Stop Loss,long,1.72213622291022,3.0572755417956676,3.6893704850361253,2.8895768833849367,30
2023-01-08 00:00:00,2023-01-10 06:17:00,3913.75,3893.785,-0.5601245608431837,5,Trailing Stop Loss,long,-0.15969338869370464,2.037687639731711,2.689236665602035,1.8971574576812422,30
2023-01-11 00:00:00,2023-01-18 14:32:00,3943.0,3954.545,0.2427973624144098,5,Trailing Stop Loss,long,1.3061120973877793,1.5660664468678753,-0.10778594978443357,2.504438244991114,30
2023-01-20 13:24:00,2023-01-25 08:56:00,3968.25,3975.615,0.1355981855981792,5,Trailing Stop Loss,long,1.1781011781011763,2.4381024381024297,2.9169029169029193,4.479304479304469,30
2023-01-26 00:00:00,2023-01-30 21:43:00,4041.75,4027.065,-0.4133327147893884,5,Trailing Stop Loss,long,1.045339271355239,0.9463722397476282,3.148388693016635,1.131935424011865,30
2023-01-31 07:51:00,2023-02-02 12:58:00,4043.75,4205.5,3.9500000000000037,3,Take Profit,long,3.0973724884080456,2.528593508500765,2.4482225656877965,2.979907264296755,30
2023-02-07 00:00:00,2023-02-09 13:23:00,4128.75,4104.485,-0.6377081441114207,5,Trailing Stop Loss,long,0.33908567968512493,-0.708446866485013,-0.03027550711474092,-2.8095670602482636,30
2023-02-13 08:50:00,2023-02-16 08:29:00,4116.5,4102.7699999999995,-0.3835357706789832,5,Trailing Stop Loss,long,1.159965990525924,-0.7469938054172287,-2.520344953236975,-3.4070205271468534,30
2023-02-27 09:08:00,2023-02-27 14:36:00,4021.75,3981.5325,-1.050000000000001,1,Fixed Percentage Stop Loss,long,-2.113507801330272,0.764592528128305,-0.8454031205321066,-1.5851308509976958,30
2023-03-02 14:38:00,2023-03-07 12:21:00,3994.5,4000.85,0.10896858179997863,5,Trailing Stop Loss,long,1.4519964951808628,-0.07510326699211589,-2.891475779196395,-1.1703592439604504,30
2023-03-14 08:37:00,2023-03-14 14:12:00,3947.0,3907.5299999999997,-1.050000000000012,1,Fixed Percentage Stop Loss,long,1.2921205979224748,0.019001773498850127,1.0957689384342606,2.812262477831262,30
2023-03-16 10:08:00,2023-03-20 01:29:00,3956.0,3929.065,-0.730864509605661,5,Trailing Stop Loss,long,-0.20854398382204042,0.8657735085945362,1.3776541961577404,4.638523761375124,30
2023-03-20 07:50:00,2023-03-22 14:52:00,3960.0,3992.275,0.7650252525252588,5,Trailing Stop Loss,long,0.7638888888888973,1.2752525252525349,1.5277777777777724,4.280303030303023,30
2023-03-24 00:21:00,2023-03-24 05:08:00,3985.25,3945.3975,-1.050000000000001,1,Fixed Percentage Stop Loss,long,0.8845116366601902,2.6723543065052313,3.8705225519101605,3.9207076093093374,30
2023-03-26 00:00:00,2023-04-04 05:40:00,4010.5,4170.92,3.9500000000000037,3,Take Profit,long,0.05610273033287427,1.1843909736940494,3.2165565390849027,3.2664256327141317,30
2023-04-06 00:00:00,2023-04-25 12:14:00,4106.75,4114.285,0.13347841967492063,5,Trailing Stop Loss,long,0.8461678943203266,0.7548548121994347,1.5462348572472084,1.0835819078346631,30
2023-04-27 12:40:00,2023-05-02 09:48:00,4136.25,4122.125,-0.391492898156548,5,Trailing Stop Loss,long,1.3176186158960324,-0.5016621335750981,0.3082502266545717,-0.1027500755515276,30
2023-05-05 09:40:00,2023-05-09 00:00:00,4140.75,4151.5,0.20961480408138727,4,MA Crossover,long,-0.05433798224959707,0.30187767916440844,-0.2113143754150837,1.388637324156261,30
2023-05-10 07:30:00,2023-05-14 00:00:00,4147.75,4132.0,-0.42972394671810243,4,MA Crossover,long,-0.3797239467181024,-0.39780603941895754,1.6936893496473981,0.10849255620517528,30
2023-05-15 00:28:00,2023-05-24 05:18:00,4143.5,4142.705,-0.06918667792928375,5,Trailing Stop Loss,long,0.6335223844575744,1.3213466875829694,0.5128514540847062,1.4782188970676957,30
2023-05-25 13:00:00,2023-06-12 00:01:00,4172.5,4339.400000000001,3.9500000000000037,3,Take Profit,long,1.1204313960455403,0.49131216297184643,2.7860994607549427,3.1695626123427134,30
2023-06-13 00:00:00,2023-06-21 09:50:00,4396.75,4403.875,0.11205151532382444,5,Trailing Stop Loss,long,0.4946835730937682,1.4158185023028347,0.8983908568829246,0.29567294023995494,30
2023-06-27 11:25:00,2023-07-18 12:41:00,4403.5,4579.64,3.9500000000000037,3,Take Profit,long,0.7777903940047626,1.7940274781423904,1.4590666515271966,2.577495174293176,30
2023-07-19 00:00:00,2023-08-02 09:55:00,4586.25,4541.8099999999995,-1.0189833742164145,5,Trailing Stop Loss,long,-0.34886890160806816,-0.07631507222676248,0.5014990460616042,-1.073862087762334,30
2023-08-14 17:21:00,2023-08-15 09:09:00,4507.5,4462.425,-1.050000000000001,1,Fixed Percentage Stop Loss,long,-1.9023849140321736,-2.828618968386021,-2.13533000554631,0.09428729894620513,30
2023-08-22 02:49:00,2023-08-24 14:43:00,4425.25,4395.79,-0.7157251002768261,5,Trailing Stop Loss,long,-0.8643579458787687,-0.2711711202756928,2.3162533190215218,0.8700073442178491,30
2023-08-25 09:16:00,2023-08-25 09:45:00,4423.75,4379.5125,-1.050000000000001,1,Fixed Percentage Stop Loss,long,1.9892625035320632,2.2153150607516325,2.153150607516241,0.8985589149477224,30
2023-08-28 07:07:00,2023-09-06 11:30:00,4427.25,4456.795,0.6173442882150437,5,Trailing Stop Loss,long,2.270032187023552,2.0723925687503586,1.6037043311310617,1.8973403354226592,30
2023-09-11 00:01:00,2023-09-19 09:16:00,4520.25,4475.0475,-1.050000000000012,1,Fixed Percentage Stop Loss,long,0.21016536695979138,-0.4701067418837468,-0.7742934572202875,-4.286267352469442,30
2023-10-06 10:48:00,2023-10-13 00:00:00,4324.0,4383.75,1.3318223866790102,4,MA Crossover,long,1.5841813135985205,1.3818223866790103,0.6359851988899212,-1.8385753931544846,30
2023-10-15 17:08:00,2023-10-18 14:45:00,4363.75,4334.785,-0.7137639644800908,5,Trailing Stop Loss,long,0.7218562016614083,-1.5181896304783726,-2.7327413348610663,-5.207676883414491,30
2023-10-31 12:42:00,2023-11-03 08:48:00,4207.5,4375.8,3.9500000000000037,3,Take Profit,long,2.9708853238265,4.064171122994642,4.462269756387394,7.308377896613183,30
2023-11-07 00:00:00,2023-11-20 11:13:00,4374.5,4549.4800000000005,3.9500000000000037,3,Take Profit,long,0.4743399245628055,1.1429877700308566,3.4003886158418206,3.977597439707403,30
2023-11-22 00:00:00,2023-12-13 13:20:00,4549.0,4730.96,3.9500000000000037,3,Take Profit,long,0.4616399208617228,0.2857770938667903,0.4011870740822099,0.06594856012309691,30
2023-12-14 00:00:00,2024-01-03 14:50:00,4778.0,4744.67,-0.7475722059439083,5,Trailing Stop Loss,long,-0.17789870238593686,0.9313520301381439,0.18836333193805732,1.219129342821268,30
2024-01-08 11:52:00,2024-02-01 15:49:00,4770.25,4961.06,3.9500000000000037,3,Take Profit,long,1.210628373774969,0.859493737225514,0.2934856663696861,2.866726062575342,30
2024-02-02 00:00:00,2024-02-13 09:04:00,4954.5,4965.17,0.16535977394289142,5,Trailing Stop Loss,long,0.22202038550811487,1.1908366131799353,1.7660712483600793,1.21102028458977,30
2024-02-14 09:19:00,2024-03-12 00:01:00,5003.0,5203.12,3.9500000000000037,3,Take Profit,long,0.2298620827503539,-0.34479312412551977,2.0037977213671843,2.158704777133713,30
2024-03-12 00:01:00,2024-04-04 13:55:00,5203.75,5226.83,0.3935263031467684,5,Trailing Stop Loss,long,0.18256065337496352,-0.39394667307229847,2.017775642565467,1.9697333653615257,30
2024-04-05 11:00:00,2024-04-09 09:43:00,5265.0,5212.35,-1.0499999999999898,1,Fixed Percentage Stop Loss,long,-0.004748338081672632,-0.3941120607787285,-1.8708452041785395,-4.9667616334282965,30
2024-04-11 13:07:00,2024-04-12 08:00:00,5251.5,5198.985,-1.050000000000001,1,Fixed Percentage Stop Loss,long,-1.618585166143005,-3.3466628582309865,-4.722460249452542,-2.280300866419116,30
2024-04-23 09:08:00,2024-04-25 08:13:00,5088.0,5037.12,-1.050000000000001,1,Fixed Percentage Stop Loss,long,0.7075471698113178,0.8598663522012551,-0.3095518867924474,2.3240959119496862,30
2024-04-25 15:01:00,2024-04-30 15:17:00,5093.75,5051.165,-0.8860245398773003,5,Trailing Stop Loss,long,0.7460122699386451,-0.4220858895705559,1.3300613496932456,2.9006134969325137,30
2024-05-01 13:41:00,2024-05-01 14:57:00,5100.25,5049.2475,-1.0499999999999898,1,Fixed Percentage Stop Loss,long,1.2009215234547232,2.166560462722411,2.8233910102446025,4.313514043429234,30
2024-05-02 15:30:00,2024-05-15 10:00:00,5104.0,5308.16,3.9500000000000037,3,Take Profit,long,1.126567398119116,2.003330721003138,2.69396551724137,4.383816614420066,30
2024-05-17 00:00:00,2024-05-29 17:40:00,5320.0,5266.8,-1.050000000000001,1,Fixed Percentage Stop Loss,long,0.24906015037593487,0.7565789473684248,0.014097744360896947,-0.39003759398495985,30
2024-05-31 14:59:00,2024-06-17 02:17:00,5296.75,5508.62,3.9500000000000037,3,Take Profit,long,0.3067919006938258,1.3640439892386835,1.07141171473073,2.624250719781007,30
2024-06-18 00:00:00,2024-07-18 10:28:00,5544.75,5606.825,1.0695274809504551,5,Trailing Stop Loss,long,0.5275260381441882,-0.14878939537400493,-0.07664908246539648,0.34266648631589014,30
2024-07-22 13:24:00,2024-07-23 00:00:00,5614.0,5601.75,-0.268204488778051,4,MA Crossover,long,-2.3379052369077336,-2.0439971499821907,-2.1375133594584983,-5.330423940149631,30
2024-07-31 07:33:00,2024-08-01 11:40:00,5538.0,5488.735,-0.9395810762007961,5,Trailing Stop Loss,long,-3.250270855904658,-4.031238714337304,-3.69718309859155,0.6590827013362333,30
2024-08-08 15:00:00,2024-08-15 17:38:00,5360.0,5574.400000000001,3.9500000000000037,3,Take Profit,long,0.0932835820895539,2.4207089552238825,4.109141791044779,5.42444029850746,30
2024-08-16 00:00:00,2024-09-03 13:02:00,5574.5,5556.355,-0.3755000448470824,5,Trailing Stop Loss,long,1.0225132298860906,1.1122073728585535,1.3678356803300762,1.4709839447484052,30
2024-09-10 14:58:00,2024-09-11 09:10:00,5504.0,5448.96,-1.050000000000001,1,Fixed Percentage Stop Loss,long,1.8350290697674465,2.230196220930236,4.215116279069764,5.509629360465107,30
2024-09-11 12:47:00,2024-09-18 13:00:00,5517.25,5737.9400000000005,3.9500000000000037,3,Take Profit,long,1.984684398930625,3.3667134895101647,4.617336535411654,5.256241787122207,30
2024-09-19 00:00:00,2024-10-23 13:06:00,5736.0,5808.705,1.2175209205020854,5,Trailing Stop Loss,long,0.3879009762900898,0.8237447698744793,1.242154811715479,0.2658647140864723,30
2024-10-27 17:04:00,2024-10-31 00:00:00,5867.0,5825.5,-0.7573461735128684,4,MA Crossover,long,0.17470598261462023,-2.02829384694051,-1.836543378217148,2.667462076018401,30
2024-11-05 15:05:00,2024-11-11 06:41:00,5817.5,6050.2,3.9500000000000037,3,Take Profit,long,3.266007735281473,3.5410399656209623,3.308981521272014,1.8564675547915854,30
2024-11-13 00:00:00,2024-11-15 02:09:00,5999.75,5939.7525,-1.050000000000012,1,Fixed Percentage Stop Loss,long,-0.7250302095920702,-1.191716321513392,-1.2375515646485313,0.387516146506095,30
2024-11-19 12:48:00,2024-11-20 09:17:00,5944.0,5884.56,-1.0499999999999898,1,Fixed Percentage Stop Loss,long,0.2860026917900438,0.7907133243606923,1.3290713324360715,2.5614064602961006,30
2024-11-21 06:02:00,2024-12-18 00:00:00,5944.25,6063.0,1.9477288976742224,4,MA Crossover,long,0.7864743239264893,1.324809690036588,1.8042646254784023,2.5655044791184745,30
2024-12-20 10:16:00,2024-12-27 11:20:00,6004.25,5985.349999999999,-0.3647770329350097,5,Trailing Stop Loss,long,1.5780488820418936,1.3115709705625145,0.41637173668651606,,30
