event_date,event_type,surprise_direction,actual_value,forecast_value,surprise_pct,return_day_-2,return_day_-1,return_day_+0,return_day_+1,return_day_+2
2013-01-16,CPI,better,1.7595,1.7999999999999998,-2.2499999999999867,-0.09306749091402278,0.11287295672748332,0.019696537484570342,0.564296530696784,0.34032438856401726
2013-01-30,FOMC,inline,0.12,0.13,-7.692307692307699,-0.1849683291637816,0.51060539401937,-0.3040078590677897,-0.25633172654399017,1.0052666359613216
2013-02-21,CPI,worse,1.68406,1.6,5.253749999999988,0.7336539916699136,-1.240414385932831,-0.6303118489368043,0.8772513677932858,-1.8309580364212152
2013-03-15,CPI,worse,2.01814,1.9,6.2178947368421005,0.13140265897144676,0.5603015721894922,-0.16184438630272302,-0.5510347920804848,-0.5510347920804848
2013-03-20,FOMC,inline,0.15,0.12,25.0,-0.5510347920804848,-0.2422524321886499,0.12075820738295384,-0.8282490007762933,0.7174278690645686
2013-04-16,CPI,better,1.51875,1.6,-5.078125000000003,-2.296629637788339,-2.296629637788339,1.4307248318689014,-1.432772121912651,-0.6700987751367626
2013-05-01,FOMC,inline,0.14,0.15,-6.666666666666654,0.7186014763878923,0.24849241658875254,-0.3419115563587427,0.9407973715801932,1.0534617768013232
2013-05-16,CPI,better,1.13881,1.3,-12.399230769230766,1.014218647667664,0.5114097701079734,-0.5009705928453401,1.030009633619522,-0.07076589084061835
2013-06-18,CPI,inline,1.39039,1.4,-0.6864285714285798,0.7567328321233413,0.7567328321233413,0.7791146036704388,-1.385147202160053,-2.5010282823694108
2013-06-19,FOMC,inline,0.1,0.14,-28.571428571428577,0.7567328321233413,0.7791146036704388,-1.2781663252566577,-2.5010282823694108,0.2669705765683039
2013-07-16,CPI,worse,1.71579,1.7000000000000002,0.9288235294117498,0.13748445116326113,0.13748445116326113,-0.37087667161961324,0.27740326679632776,0.5032988083835344
2013-07-31,FOMC,inline,0.09,0.1,-10.000000000000009,-0.37359973989892215,0.03738140304867521,-0.34170652257450307,1.254056106256618,0.16404295581973205
2013-08-15,CPI,better,1.88547,2.0,-5.7265000000000015,0.27760185146821215,-0.5176606695943664,-1.428156094435129,-0.3304601160523002,-0.5900364167819139
2013-09-17,CPI,better,1.53881,1.6,-3.8243750000000047,0.5693161689346526,0.5693161689346526,0.42177191328935937,1.217766723761704,-0.18429227131532278
2013-09-18,FOMC,inline,0.08,0.09,-11.111111111111107,0.5693161689346526,0.42177191328935937,0.4488272859047404,-0.18429227131532278,-0.7216925810234809
2013-10-30,CPI,better,1.09473,1.2,-8.772499999999999,0.13297192246712886,0.5584214379352082,-0.4875984085329743,-0.3839370275221077,0.29034351623078436
2013-10-30,FOMC,inline,0.08,0.08,0.0,0.13297192246712886,0.5584214379352082,-0.23141337557995856,-0.3839370275221077,0.29034351623078436
2013-11-20,CPI,better,0.8768,1.0,-12.319999999999997,-0.3698183719093806,-0.20429465317355344,-0.3635611090291757,0.8128575197741128,0.496143887295708
2013-12-17,CPI,better,1.23287,1.3,-5.163846153846164,0.6319987382556347,0.6319987382556347,-0.31009661132691546,1.6647950589556482,-0.057990224505022336
2013-12-18,FOMC,inline,0.09,0.08,12.499999999999991,0.6319987382556347,-0.31009661132691546,2.377586791812747,-0.057990224505022336,0.4818744473916947
2014-01-16,CPI,worse,1.51284,1.5,0.8559999999999975,1.0817941952506738,0.5166188114504422,-0.1347125591058096,-0.38951400137603454,0.2773698808941072
2014-01-29,FOMC,inline,0.07,0.15,-53.333333333333336,-0.48763049561802996,0.6140685691192083,-0.4673133130999152,1.1267049938000318,-0.646531303819553
2014-02-20,CPI,better,1.55776,1.6,-2.6400000000000032,0.11584712530525731,-0.6524479019535456,0.6031442241968499,-0.19187076715694307,0.6186521443158455
2014-03-18,CPI,better,1.12047,1.2,-6.627499999999991,0.9613661175473576,0.9613661175473576,0.7219595121662481,-0.6131659767659281,0.6040510111405606
2014-03-19,FOMC,inline,0.08,0.07,14.285714285714276,0.9613661175473576,0.7219595121662481,-0.5201817695803301,0.6040510111405606,-0.29326766416846173
2014-04-15,CPI,worse,1.61269,1.4,15.192142857142844,0.8217261757238248,0.8217261757238248,0.6757310404728489,1.048844805695115,0.13638975251166752
2014-04-30,FOMC,inline,0.09,0.08,12.499999999999991,0.323602017816893,0.47608094445898974,0.23516517427228933,-0.014331590541150074,-0.13484243608256063
2014-05-15,CPI,worse,2.01513,2.0,0.7565000000000044,0.042179632509942167,-0.47010461408732995,-0.9361778737960291,0.37469599379960083,0.3844802061921504
2014-06-17,CPI,worse,2.16695,2.0,8.347499999999997,0.08367077101065767,0.08367077101065767,0.21725892516177847,0.7718886297045868,0.12774785639098063
2014-06-18,FOMC,inline,0.1,0.09,11.11111111111112,0.08367077101065767,0.21725892516177847,0.7563237209685436,0.12774785639098063,0.17300508298119244
2014-07-22,CPI,better,2.05898,2.1,-1.953333333333336,-0.23202677154209317,-0.23202677154209317,0.5016137776584273,0.17544478782776096,0.048817066849182744
2014-07-30,FOMC,inline,0.09,0.1,-10.000000000000009,0.028812034331826553,-0.45277450717819967,0.22027328130882484,-1.9999289365352446,-0.2859111085788846
2014-08-19,CPI,better,1.97424,2.0,-1.2880000000000005,0.853170746677856,0.853170746677856,0.5000659316136913,0.2477795720629894,0.2949897055640305
2014-09-17,CPI,better,1.7151,1.9,-9.731578947368414,-0.0710134270777596,0.7484388623729243,0.12956607870013848,0.4891160439055353,-0.04772889984885342
2014-09-17,FOMC,inline,0.09,0.09,0.0,-0.0710134270777596,0.7484388623729243,0.05198622365072403,0.4891160439055353,-0.04772889984885342
2014-10-22,CPI,worse,1.68405,1.6,5.253124999999997,0.9142657253704778,1.9574477024805637,-0.7299307673287792,1.2303397315150733,0.7053444192698377
2014-10-29,FOMC,inline,0.09,0.09,0.0,-0.15015932158526368,1.193905068743839,0.27366216633195606,0.6230136709882483,1.173138144536634
2014-11-20,CPI,inline,1.60954,1.6,0.5962499999999926,0.5133932945349251,-0.15059947363291748,0.1971972607152761,0.5236877359639402,0.28640659074388175
2014-12-17,CPI,better,1.23152,1.4,-12.034285714285726,-0.6342610858349973,-0.8489015545603995,2.0352403256384655,2.4015221894887473,0.45700867928373246
2014-12-17,FOMC,inline,0.13,0.09,44.44444444444445,-0.6342610858349973,-0.8489015545603995,0.3649835208943131,2.4015221894887473,0.45700867928373246
2015-01-16,CPI,better,0.65312,0.7000000000000001,-6.697142857142861,-0.5813062584341333,-0.924788815027322,1.3424199691870697,0.15499499856392873,0.15499499856392873
2015-01-28,FOMC,better,0.12,0.41,-70.73170731707317,0.2568451423614171,-1.33878439932138,-1.5300476572221,0.9534702521277083,-1.2991960420531856
2015-02-26,CPI,better,-0.22993,-0.1,-129.92999999999998,0.2758738374904146,-0.07657836519371353,-0.14807035470656427,-0.29515854704296185,0.6124970301734312
2015-03-18,FOMC,inline,0.11,0.12,-8.33333333333333,1.353365150482122,-0.3320215838054086,1.0331900886897616,-0.4872588711598014,0.9012717360609157
2015-03-24,CPI,worse,-0.08703,-0.1,12.97000000000001,-0.1745647739670675,-0.1745647739670675,-0.6139458853270718,-1.4558928998326448,-0.23774289803740745
2015-04-17,CPI,better,-0.02203,0.1,-122.03,0.5148293762882616,-0.07832414804688215,-1.1311271365998743,0.923999481061144,0.923999481061144
2015-04-29,FOMC,inline,0.13,0.11,18.181818181818183,-0.41413049124281454,0.27691899171140566,0.11118977814310593,-1.0128865367728945,1.0922987662490113
2015-05-22,CPI,inline,-0.10403,-0.1,-4.029999999999992,-0.09305254649102368,0.23378883740623468,-0.22338817919862475,-1.0286633491058517,-1.0286633491058517
2015-06-17,FOMC,inline,0.14,0.13,7.692307692307699,-0.46272640883239236,0.5694629681158192,0.3717756348379675,0.9897926148806802,-0.5303526727417629
2015-06-18,CPI,worse,0.03503,0.0,0.0,0.5694629681158192,0.19796879248576982,0.9897926148806802,-0.5303526727417629,0.6099583882311688
2015-07-17,CPI,worse,0.17957,0.1,79.57,-0.07302246626267328,0.8014615165606864,0.11062519712468077,0.07711695444458933,0.07711695444458933
2015-07-29,FOMC,inline,0.14,0.14,0.0,-0.577501021806559,1.2386102029366963,0.18244620450129645,0.002845530383144279,-0.22716171163267296
2015-08-19,CPI,worse,0.22569,0.2,12.844999999999995,0.5211470973541132,-0.26255208234241545,-0.8254964424012301,-2.1100110116800797,-3.1850982202944356
2015-09-16,CPI,worse,0.2413,0.2,20.649999999999988,-0.40896458529868784,1.2831344116577714,0.8705367298757816,-0.25610055580335134,-1.6164204602552523
2015-09-17,FOMC,inline,0.14,0.14,0.0,1.2831344116577714,0.8705367298757816,-0.7237954616877262,-1.6164204602552523,0.4565813598361723
2015-10-15,CPI,worse,0.00884,-0.1,108.84,-0.6825414134604912,-0.4716298429397803,1.485277599486512,0.4570474242289402,0.027052151629769483
2015-10-28,FOMC,inline,0.12,0.14,-14.285714285714295,-0.1917933643351133,-0.25492837381770883,0.5589951556960182,-0.044968545937285054,-0.48099702786910115
2015-11-17,CPI,worse,0.12762,0.1,27.620000000000005,1.4903313824738973,1.4903313824738973,-0.13393792099123392,1.6162384658902518,-0.11278664606110267
2015-12-15,CPI,worse,0.43632,0.4,9.079999999999991,0.475558669628362,0.475558669628362,1.0618514891638675,1.4514952946300674,-1.5040495497016582
2015-12-16,FOMC,inline,0.15,0.12,25.0,0.475558669628362,1.0618514891638675,1.4167535015239041,-1.5040495497016582,-1.7797236873680844
2016-01-20,CPI,better,0.63872,0.8,-20.16000000000001,0.05318215419634065,0.05318215419634065,-1.1693854879261,0.5195419855539507,2.0283682630725774
2016-01-27,FOMC,better,0.38,1.17,-67.52136752136751,-1.5637946405160252,1.4144309246276299,-1.5183213213527336,0.5528558910220527,2.476021464486422
2016-02-19,CPI,better,1.2375,1.3,-4.807692307692308,1.648044398020665,-0.4665718645228911,-0.00260711324778784,1.445421268341529,1.445421268341529
2016-03-16,FOMC,inline,0.37,0.38,-2.6315789473684235,-0.12610091039911842,-0.18369610425620353,0.4135977056472173,0.6595238799932845,0.44055885797735783
2016-03-16,CPI,better,0.84728,0.8999999999999999,-5.857777777777764,-0.12610091039911842,-0.18369610425620353,0.5600392870784177,0.6595238799932845,0.44055885797735783
2016-04-14,CPI,better,0.89162,1.1,-18.94363636363636,0.9657246117757756,1.0045059683466695,0.017287578874580767,-0.098426141983321,0.6540973600611455
2016-04-27,FOMC,inline,0.37,0.37,0.0,-0.18120272712495167,0.18680039659162428,0.4911482989673477,-0.9230842660430061,-0.506308380824827
2016-05-17,CPI,worse,1.17263,1.1,6.60272727272729,0.9796688181920254,0.9796688181920254,-0.9411320681679491,0.020515726281145064,-0.37067243593813526
2016-06-15,FOMC,inline,0.37,0.37,0.0,-0.8115186992800894,-0.17988898829277566,-0.6531998158379348,0.31281679942070095,-0.3257971684039296
2016-06-16,CPI,better,1.07848,1.1,-1.9563636363636148,-0.17988898829277566,-0.18406799915194894,0.31281679942070095,-0.3257971684039296,0.5813027167694163
2016-07-15,CPI,better,1.07929,1.1,-1.8827272727272533,0.013010306020988516,0.5263842558608456,-0.09335644136336807,0.23869770970472715,0.23869770970472715
2016-07-27,FOMC,inline,0.4,0.37,8.108108108108116,-0.30114527155947757,0.031819523352760726,0.23873194474002268,0.16062180948777094,0.16312913007012764
2016-08-16,CPI,better,0.86836,0.8999999999999999,-3.515555555555544,0.2792976351273957,0.2792976351273957,-0.5479076775563363,0.1868558180106783,0.2199594907937863
2016-09-16,CPI,worse,1.05532,1.0,5.532000000000004,-0.05876766556026647,1.010927804983619,-0.37722492851356426,-0.0018698928551330596,-0.0018698928551330596
2016-09-21,FOMC,inline,0.4,0.4,0.0,-0.0018698928551330596,0.029918845132592686,0.7771006876502451,0.6499870557343135,-0.5736778768866024
2016-10-18,CPI,worse,1.54864,1.5,3.242666666666668,-0.3038003169274939,-0.3038003169274939,0.6160357394780158,0.21919985043934442,-0.13757467506726462
2016-11-02,FOMC,inline,0.41,0.4,2.4999999999999885,-0.012227181023405365,-0.6786915316417175,-0.23586475819107333,-0.44233867508127744,-0.16661400132141901
2016-11-17,CPI,worse,1.68592,1.6,5.37,0.7480824323075508,-0.15822857378724464,0.4676288735564471,-0.2386700318226631,0.7461386864659136
2016-12-14,FOMC,inline,0.41,0.41,0.0,-0.11374046815045835,0.6539770310506121,-0.7028815941971467,0.3883228005396644,-0.17506399119374683
2016-12-15,CPI,better,1.68433,1.7000000000000002,-0.9217647058823571,0.6539770310506121,-0.8117197541950394,0.3883228005396644,-0.17506399119374683,0.1975138060378967
2017-01-18,CPI,better,2.0508,2.1,-2.3428571428571385,-0.29675025498540064,-0.29675025498540064,0.17637539739581154,-0.36093296770529637,0.3366185299223723
2017-02-01,FOMC,better,0.66,2.2,-70.0,-0.6009526341248739,-0.08899995615766487,0.04871754358246605,0.05702879954376794,0.7264835478001608
2017-02-15,CPI,worse,2.51039,2.4,4.599583333333342,0.5245887483269263,0.4007301621389514,0.4992342508064018,-0.08641055656061214,0.16785814708464297
2017-03-15,CPI,worse,2.81036,2.7,4.087407407407408,0.036668633566550035,-0.33790189048102937,0.8374727853051489,-0.1626657052061442,-0.13143639402364293
2017-03-15,FOMC,inline,0.66,0.66,0.0,0.036668633566550035,-0.33790189048102937,0.29812839283986925,-0.1626657052061442,-0.13143639402364293
2017-04-14,CPI,better,2.4412,2.6,-6.107692307692318,-0.37599095922304926,-0.6814702357852864,0.8613323600764389,0.8613323600764389,0.8613323600764389
2017-05-03,FOMC,worse,0.91,0.66,37.87878787878788,0.173223722842053,0.11891154069998411,0.14845319321141748,0.0582045366039452,0.4088687267735702
2017-05-12,CPI,better,2.17622,2.3,-5.381739130434784,0.11306176259533451,-0.2162833436821554,-0.14784250179582514,0.4776444016897363,0.4776444016897363
2017-06-14,CPI,better,1.85634,2.0,-7.1829999999999945,-0.0978710980068076,0.4511420562363311,-0.09957588050893973,-0.2239614097263254,0.028366345181418673
2017-06-14,FOMC,inline,0.91,0.91,0.0,-0.0978710980068076,0.4511420562363311,-0.017224833288220776,-0.2239614097263254,0.028366345181418673
2017-07-14,CPI,better,1.64057,1.7000000000000002,-3.495882352941181,0.7305619802682184,0.187455233807432,0.46735271648765675,-0.005286121491343554,-0.005286121491343554
2017-07-26,FOMC,inline,1.16,0.91,27.472527472527457,-0.10636834995592093,0.2923183435833865,-0.03187257425503187,-0.09726252406339064,-0.13411865461215866
2017-08-11,CPI,better,1.72511,1.7999999999999998,-4.160555555555551,-0.03636481179190021,-1.447441815345063,0.12755258980974293,1.004374682548792,1.004374682548792
2017-09-14,CPI,worse,1.92812,1.7999999999999998,7.117777777777791,0.3363999180100441,0.07570659488558285,-0.11007176679195263,0.18472363580994688,0.14558660603223306
2017-09-20,FOMC,inline,1.16,1.16,0.0,0.14558660603223306,0.11102812845715793,0.0849922788704216,-0.3045960514145296,0.06478445173156988
2017-10-13,CPI,better,2.18057,2.3,-5.192608695652171,0.1803468933287311,-0.16867300136190755,0.08781111202582625,0.17507647356032052,0.17507647356032052
2017-11-01,FOMC,inline,1.16,1.16,0.0,-0.3192474438895587,0.09444852555358096,0.009693266281773916,0.018996960486306058,0.30970792875555375
2017-11-15,CPI,worse,2.02076,2.0,1.0380000000000056,0.09836192541532451,-0.2309620711533511,-0.5525675974360822,0.8196146017733552,-0.26260422951377427
2017-12-13,CPI,better,2.17249,2.2,-1.2504545454545422,0.32019611540636816,0.15488780033008354,-0.04729534441145766,-0.4070826370242253,0.8974325134520456
2017-12-13,FOMC,inline,1.17,1.16,0.8620689655172422,0.32019611540636816,0.15488780033008354,-0.23079718697196494,-0.4070826370242253,0.8974325134520456
2018-01-12,CPI,worse,2.12993,2.1,1.4252380952380852,-0.11122055472160275,0.7033618001404562,0.6749627831013516,-0.3524463075686102,-0.3524463075686102
2018-01-31,FOMC,inline,1.34,1.55,-13.548387096774192,-0.6731944014173874,-1.0898781509218525,-0.247631428349393,-0.06480605989779287,-2.1208513171602883
2018-02-14,CPI,worse,2.15132,1.9,13.227368421052644,1.3914603653299107,0.26129518072288693,1.3402479965752168,1.20690869070601,0.03734622144111466
2018-03-13,CPI,worse,2.26347,2.2,2.8850000000000064,-0.1273967637633433,-0.1273967637633433,-0.636359063175973,-0.5724493818052956,-0.07819660444884358
2018-03-21,FOMC,inline,1.44,1.34,7.462686567164169,-1.4204163502312905,0.1481798210046792,-0.79381628091586,-2.516289137256489,-2.0966906104724736
2018-04-11,CPI,better,2.33095,2.4,-2.8770833333333266,0.3336571356168383,1.6726874741691988,-0.5525298565605352,0.8250731400845313,-0.28866474724003055
2018-05-02,FOMC,worse,1.7,1.44,18.05555555555556,-0.8187541902161422,0.25490455240648746,-0.7463782578733036,-0.22536964035709817,1.2811201149927953
2018-05-10,CPI,better,2.471,2.5,-1.1599999999999966,-0.026565592693339468,0.9682176113057217,0.9370632999603501,0.17076314600799058,0.08835217690965624
2018-06-12,CPI,worse,2.78192,2.7,3.034074074074065,0.10687182218256375,0.10687182218256375,0.17433501078361058,-0.4026050917702695,0.2471510972283708
2018-06-13,FOMC,inline,1.7,1.7,0.0,0.10687182218256375,0.17433501078361058,-0.37329102701694206,0.2471510972283708,-0.10170746345898873
2018-07-12,CPI,better,2.80755,2.9000000000000004,-3.1879310344827707,0.3473207455004568,-0.7094178621538827,0.8749035695488905,0.10792305300737493,-0.1028090429120665
2018-08-01,FOMC,inline,1.91,1.7,12.352941176470583,-0.5754180827438504,0.488474987511589,0.06153014443579519,0.4926493587738445,0.46441380578801095
2018-08-10,CPI,better,2.85412,3.0,-4.862666666666668,-0.026237996116773576,-0.1441718864821362,-0.7113870997133342,-0.4005957759204981,-0.4005957759204981
2018-09-13,CPI,better,2.64292,2.8000000000000003,-5.610000000000003,0.37398379635260603,0.035666178420923345,0.5282250806529776,0.027546501938591206,-0.5569745746958565
2018-09-26,FOMC,inline,1.93,1.91,1.0471204188481684,-0.35157543341060027,-0.13050760951849316,-0.6495793119245641,0.27632769780832067,-0.0006863417982172493
2018-10-11,CPI,better,2.33206,2.4,-2.830833333333338,-0.14179577940874877,-3.2864175757028824,-2.0573073719881707,1.4206284338267983,-0.5905035180855278
2018-11-08,FOMC,worse,2.2,1.93,13.989637305699496,0.6259335137365651,2.120887695294771,-0.11210044199603253,-0.9198989607493102,-1.9701475363267495
2018-11-14,CPI,inline,2.49203,2.5,-0.3187999999999924,-1.9701475363267495,-0.1481905348797996,-0.7567464311691308,1.0593800664796094,0.22232803457622463
2018-12-12,CPI,better,2.14733,2.2,-2.3940909090908886,0.1762194844060927,-0.03563683787511929,0.5419488922094429,-0.019991927787654795,-1.9086676677205427
2018-12-19,FOMC,inline,2.2,2.2,0.0,-2.0773476413007863,0.008641209140813899,-1.9700157194585066,-1.5772090500047797,-2.0588306814405377
2019-01-11,CPI,worse,2.00238,1.9,5.388421052631587,0.40980263439003295,0.45184451596929076,-0.014634296629478794,-0.5257562801876614,-0.5257562801876614
2019-01-30,FOMC,worse,2.4,0.09,2566.666666666667,-0.7846860505261399,-0.1456209694195909,0.47331379617900904,0.8597377892989533,0.0898635405495396
2019-02-13,CPI,better,1.48759,1.5,-0.8273333333333355,0.07090417596054,1.2890250202966858,0.3023976857468691,-0.26516238471793185,1.0878709851296353
2019-03-12,CPI,better,1.51886,1.6,-5.071249999999999,1.4666049353461608,1.4666049353461608,0.29533287823806376,0.6949618845646821,-0.08680432029370966
2019-03-20,FOMC,inline,2.41,2.4,0.4166666666666763,0.37059607153993035,-0.013060636653083879,-0.11741613764567616,1.085251555291178,-1.8974527826038257
2019-04-10,CPI,worse,1.88319,1.7999999999999998,4.621666666666672,0.10474498226595852,-0.6067470828139077,0.34778681120144483,0.003808587325715429,0.6609378462220095
2019-05-01,FOMC,inline,2.45,2.41,1.6597510373443998,0.10714723049920494,0.0951400427450455,-0.8225971682304545,-0.21239991380873624,0.963832295922562
2019-05-10,CPI,better,2.00058,2.1,-4.734285714285727,-0.16053813214057522,-0.30214418181440106,0.3720321034444529,-2.4130630943291487,-2.4130630943291487
2019-06-12,CPI,better,1.79591,1.9,-5.47842105263158,0.46600819951694294,-0.03498768502769867,-0.20376197274856178,0.4097449858325275,-0.16115422390061696
2019-06-19,FOMC,inline,2.37,2.45,-3.265306122448982,0.09317695307899942,0.9717372571954597,0.3084875199659942,0.9472195075278522,-0.12592326804730103
2019-07-11,CPI,worse,1.67119,1.6,4.449374999999992,0.12365799156572876,0.4510627158405667,0.2285278994477169,0.46201386041582193,0.017585947169163063
2019-07-31,FOMC,inline,2.4,2.37,1.2658227848101182,-0.161606948107329,-0.2578641959370631,-1.0294283683892402,-0.8998852495319398,-0.7282736765124032
2019-08-13,CPI,worse,1.82633,1.7000000000000002,7.431176470588224,-1.2183715073749823,-1.2183715073749823,1.499432900117581,-2.929276360753441,0.2464268112370549
2019-09-12,CPI,better,1.73764,1.7999999999999998,-3.464444444444431,0.032231746255573235,0.7229667817909124,0.28791074766822966,-0.07243559711188619,-0.31356092824674775
2019-09-18,FOMC,inline,2.25,2.4,-6.2499999999999964,-0.31356092824674775,0.2581755593803692,0.22867657598495406,0.001995523375897257,-0.4895586322955614
2019-10-10,CPI,better,1.6845,1.7999999999999998,-6.416666666666651,-1.5560826054260457,0.9104546742895181,0.641570185654583,1.0938930544257763,-0.1387079289088211
2019-10-30,FOMC,better,1.82,2.25,-19.11111111111111,0.558137996062924,-0.08323956544341593,0.5853339671975322,-0.3022873403637272,0.9662360578885698
2019-11-13,CPI,worse,1.73397,1.7000000000000002,1.998235294117637,-0.19624452002533488,0.1564620781921544,0.07115504036430131,0.08370932502488326,0.7695462486638771
2019-12-11,FOMC,better,1.55,1.82,-14.835164835164836,-0.316283682622831,-0.10969527672547441,0.20413175428917185,0.8575166394515055,0.007258794976916505
2019-12-11,CPI,worse,2.09229,2.0,4.61450000000001,-0.316283682622831,-0.10969527672547441,0.2908201703420987,0.8575166394515055,0.007258794976916505
2020-01-14,CPI,worse,2.31953,2.3,0.8491304347826109,0.6976281256220629,0.6976281256220629,-0.15145386587512855,0.1870155186330269,0.836654718799501
2020-01-29,FOMC,worse,1.55,0.08,1837.5,-1.5730684849202037,1.0053551114029613,-0.4818727673481793,0.3134355715769477,-1.7705852615678808
2020-02-13,CPI,worse,2.59977,2.4,8.32375,0.16884988171557147,0.6462661008115544,-0.16304428235363044,0.18435419717006685,-0.29199801192842934
2020-03-03,FOMC,inline,1.59,1.55,2.5806451612903247,4.603922524388837,4.603922524388837,0.08264214949564863,4.2202592421180185,-3.392202215889484
2020-03-11,CPI,worse,2.34132,2.2,6.42363636363638,-7.59696807597977,4.939633578003022,-4.886841091793503,-9.51126804747975,9.28711945304439
2020-03-15,FOMC,better,1.1,1.59,-30.81761006289308,9.28711945304439,-11.984050283657066,-11.984050283657066,-11.984050283657066,5.995482224354909
2020-04-10,CPI,better,1.49404,1.6,-6.622500000000003,3.4056426049386967,1.448737809002254,-1.0104594561656355,-1.0104594561656355,-1.0104594561656355
2020-04-29,FOMC,better,0.04,1.1,-96.36363636363636,1.4714073196697708,-0.5242350129234907,-0.0676525582185894,-0.9212419757034462,-2.8059043479156554
2020-05-12,CPI,better,0.31305,0.4,-21.737500000000008,0.01774865178509888,0.01774865178509888,-2.054383139042848,-1.7462684487059787,1.152482269503552
2020-06-10,CPI,inline,0.1982,0.2,-0.9000000000000119,1.2041591393674889,-0.7799182648133396,-0.53130787794885,-5.894412157460172,1.3060857399820103
2020-06-10,FOMC,inline,0.08,0.04,100.0,1.2041591393674889,-0.7799182648133396,-0.14867491525529797,-5.894412157460172,1.3060857399820103
2020-07-14,CPI,worse,0.71666,0.6,19.44333333333333,-0.9362519779971379,-0.9362519779971379,1.3406355182839835,0.908203857989931,-0.3406104334027549
2020-07-29,FOMC,inline,0.1,0.08,25.000000000000007,0.7395129414764723,-0.6473401020556158,0.23286074189370343,-0.37502608610255894,0.7670459796317086
2020-08-12,CPI,worse,0.99686,0.8,24.60749999999999,0.27422358024395965,-0.7969123366671882,1.3996502374245878,-0.20471252976762555,-0.017193183199293305
2020-09-11,CPI,worse,1.28107,1.2,6.755833333333332,2.0145024971186976,-1.7584790641843373,0.053306340759284865,1.274180851668838,1.274180851668838
2020-09-16,FOMC,inline,0.09,0.1,-10.000000000000009,1.274180851668838,0.5219385613883576,-0.6986750984803392,-0.8412371621242309,-1.118257020384228
2020-10-13,CPI,inline,1.39102,1.4,-0.6414285714285863,1.6418713134107588,1.6418713134107588,-0.6306907889152336,-0.6623138843883547,-0.15278028589691406
2020-11-05,FOMC,inline,0.09,0.09,0.0,1.7757020638986987,2.208950970905499,-0.316617446615175,-0.028771240154390476,1.1699872344305584
2020-11-12,CPI,better,1.23039,1.3,-5.35461538461538,-0.1399802844669673,0.7651888434169196,-0.9978559392721298,1.3610365817456005,1.164804819882015
2020-12-10,CPI,worse,1.17575,1.1,6.886363636363655,0.2787137455443789,-0.7949220068876994,-0.12851160688518437,-0.1264960061067022,-0.4359266922526861
2020-12-16,FOMC,inline,0.09,0.09,0.0,-0.4359266922526861,1.2921214314501217,0.1363588401923188,0.5757638800703457,-0.35111001267972286
2021-01-13,CPI,worse,1.32042,1.3,1.5707692307692218,-0.6554796741165214,0.04158321511944507,0.22756031663768717,-0.3753438464607517,-0.719001775768402
2021-01-27,FOMC,better,0.08,3.83,-97.911227154047,0.3615803325289546,-0.14888363213811928,-1.0468414040549212,0.9760662477304782,-1.9311502938707092
2021-02-10,CPI,better,1.35532,1.5,-9.645333333333328,0.7399345996609075,-0.11134975827398197,-0.03451599624669788,0.16624551137118804,0.47109831017417836
2021-03-10,CPI,better,1.6675,1.7000000000000002,-1.911764705882364,-0.5359271617984662,1.4154683554241432,0.6030283013025661,1.0395479646353678,0.10153985185334946
2021-03-17,FOMC,inline,0.07,0.08,-12.499999999999991,0.6491958593476621,-0.15696886322292825,0.38318240947725624,-1.4760500437832724,-0.060273888636330764
2021-04-13,CPI,worse,2.62365,2.5,4.9460000000000015,-0.0196182910288778,-0.0196182910288778,0.329458162447116,-0.40878020277237415,1.1094247768300924
2021-04-28,FOMC,inline,0.07,0.07,0.0,0.1782224167916624,-0.02149192142553158,-0.02509422283190066,0.6762797680233579,-0.7194637501869883
2021-05-12,CPI,worse,4.13737,3.6,14.926944444444448,-1.0435666020885526,-0.8673894514173552,-2.1449387057151936,1.2173151138064053,1.4917933130699224
2021-06-10,CPI,worse,4.92647,4.7,4.818510638297871,0.017508493985585183,-0.18238764589828538,0.4652154850635748,0.19484900381676606,0.18152110447704484
2021-06-16,FOMC,inline,0.06,0.07,-14.285714285714295,0.18152110447704484,-0.20116799642784233,0.2732545303037126,-0.04356370007340127,-1.3124547000611053
2021-07-13,CPI,worse,5.31742,4.9,8.51877551020408,0.345115629755921,0.345115629755921,-0.3516830382495284,0.11649703264435818,-0.32622362435132946
2021-07-28,FOMC,inline,0.1,0.06,66.66666666666669,0.2382253008416102,-0.47124799312575627,0.2136061176063464,0.4206206369982368,-0.5406016994218166
2021-08-11,CPI,better,5.26917,5.3,-0.5816981132075455,-0.0939925887858073,0.0992701388653705,0.24680227644109376,0.2952087595835984,0.1607324197514748
2021-09-14,CPI,better,5.18132,5.3,-2.2392452830188576,0.22765095613401787,0.22765095613401787,-0.574659914561837,0.8473908688851006,-0.15510969268194286
2021-09-22,FOMC,inline,0.08,0.1,-20.000000000000004,-1.6977254629493954,-0.08123495489623656,-0.1453871386902339,1.2134751708511082,0.14610090402744635
2021-10-13,CPI,worse,5.36352,5.3,1.1984905660377445,-0.686578584213482,-0.24167715692277048,0.3022536862308023,1.706311013337003,0.7460130771969053
2021-11-03,FOMC,inline,0.08,0.08,0.0,0.18000686154020507,0.36803672564356127,0.6387403125465596,0.4181891914508462,0.37328581257503046
2021-11-10,CPI,worse,6.22659,5.800000000000001,7.354999999999983,0.08877005575269603,-0.34987345002870374,-0.8225815057894437,0.05509274303756584,0.7222639253044116
2021-12-10,CPI,worse,6.86556,6.800000000000001,0.9641176470588178,0.30852936469836223,-0.7181129964413446,0.954911139915815,-0.9136209099282255,-0.9136209099282255
2021-12-15,FOMC,inline,0.08,0.08,0.0,-0.9136209099282255,-0.7470598440341258,2.0236416451673733,-0.874337823922211,-1.0287726483131143
2022-01-12,CPI,worse,7.15946,7.000000000000001,2.2779999999999894,-0.14410854751839564,0.9160030747555226,0.2817696321081753,-1.4243549462058636,0.08199131578892072
2022-01-26,FOMC,better,0.08,5.33,-98.49906191369608,0.27717522294530283,-1.2171976789799865,-1.7502292531542007,-0.5383994684971971,2.4347568825681787
2022-02-10,CPI,worse,7.57808,7.3,3.809315068493152,0.8401224834796661,1.4517177775713597,-1.8115705073705524,-1.89694676826343,-0.38405482229827426
2022-03-10,CPI,worse,7.94922,7.9,0.6230379746835448,-0.7233836932796112,2.569832402234651,-0.42918454935622075,-1.2961554353542182,-0.742095611408311
2022-03-16,FOMC,inline,0.08,0.08,0.0,-0.742095611408311,2.1408493905025416,1.0227783779272803,1.2347803738532281,1.1662250349640857
2022-04-12,CPI,worse,8.54078,8.4,1.6759523809523744,-1.6877289295676778,-1.6877289295676778,-0.3417540503973915,1.1174658040455254,-1.2144137417661627
2022-05-04,FOMC,worse,0.33,0.08,312.5,0.5675313957399952,0.4837102743912469,2.4145051312401966,-3.5649753381843063,-0.5674159064547379
2022-05-11,CPI,worse,8.23516,8.1,1.6686419753086523,-3.2037134944001844,0.245788276325154,-1.6463178415666024,-0.12960017076728558,2.386974310955492
2022-06-10,CPI,worse,8.53005,8.3,2.771686746987934,-1.0793908688002896,-2.3798705952956634,-2.911031355312088,-3.876837415339185,-3.876837415339185
2022-06-15,FOMC,worse,0.83,0.33,151.5151515151515,-3.876837415339185,-0.37737056722930706,0.07921858784945002,-3.2511959134456814,0.22008470670371594
2022-07-13,CPI,worse,8.9993,8.799999999999999,2.2647727272727383,-1.1527473598367033,-0.9243908956706903,-0.44568974546977946,-0.299859539478875,1.9201241036518768
2022-07-27,FOMC,worse,1.58,0.83,90.36144578313254,0.13151152429682345,-1.1543193070554847,1.2720641720382453,1.2133382708562568,1.4207733466259809
2022-08-10,CPI,better,8.44778,8.7,-2.8990804597701088,-0.12375789770792123,-0.4248730694724312,2.1290634013103604,-0.07054229687617486,1.7322396708554288
2022-09-13,CPI,worse,8.21626,8.1,1.4353086419753145,1.058426104401855,1.058426104401855,-4.3236562775976095,0.33869946525153516,-1.1317761485652666
2022-09-21,FOMC,worse,2.33,1.58,47.46835443037975,0.6857148758303566,-1.1272112803181633,-1.5351959719617003,-0.8427596288058115,-1.723261637204987
2022-10-13,CPI,worse,8.20575,8.1,1.3055555555555611,-0.6519229651283376,-0.3290756901951575,2.5965675434648228,-2.3662705624933444,2.6480085513260976
2022-11-02,FOMC,worse,3.08,2.33,32.18884120171674,-0.7454384193014141,-0.410126085362017,-2.7398075331125815,-1.0585979163175718,1.3618682272863003
2022-11-10,CPI,better,7.75726,8.0,-3.034250000000005,0.5597877482399927,-2.0777877333723382,5.543447234545429,0.9240793960120008,-0.8935794015923149
2022-12-13,CPI,better,7.13138,7.3,-2.309863013698627,1.4279251114533986,1.4279251114533986,0.7289703700733785,-0.6052765788066128,-2.492165834025817
2022-12-14,FOMC,worse,3.83,3.08,24.350649350649352,1.4279251114533986,0.7289703700733785,-0.7891534851381832,-2.492165834025817,-1.1137778348199956
2023-01-12,CPI,better,6.41083,6.5,-1.3718461538461568,0.6978255898501873,1.2849397206098123,0.341595270064321,0.3996816605869258,-0.20304619300891558
2023-02-01,FOMC,better,4.33,4.58,-5.458515283842795,-1.2968731575016657,1.4642450911824145,1.684534815118366,1.469942051995421,-1.0354661511665864
2023-02-14,CPI,worse,6.3403,6.2,2.262903225806449,1.1448590134117032,1.1448590134117032,-0.02803767683676739,0.27731236687436045,-1.378869707782826
2023-03-14,CPI,better,5.95765,6.0,-0.7058333333333315,-0.15097408062482165,-0.15097408062482165,1.6476647924144494,-0.6980856226510457,1.7561980816715783
2023-03-22,FOMC,worse,4.58,4.33,5.773672055427252,0.8918358593079878,1.2982181765728518,-2.021795774735524,0.2984528711166279,0.5639802265037686
2023-04-12,CPI,better,4.93135,5.2,-5.166346153846154,0.09963410653295313,-0.004137148920324574,-0.4134886369720592,1.3262625398648753,-0.20693547375681964
2023-05-03,FOMC,worse,4.83,4.58,5.458515283842795,-0.03861392787588569,-1.1586253889876552,-1.1690834327903965,-0.7218725172645657,1.8474744042430657
2023-05-10,CPI,better,4.94695,5.0,-1.0609999999999964,0.04521003324267081,-0.4579374208577791,0.4483913021312569,-0.16966193288928677,-0.15832974226629437
2023-06-13,CPI,worse,4.12531,4.1000000000000005,0.6173170731707139,0.9321075820101221,0.9321075820101221,0.6932584761680793,0.08194076003487094,1.217813698517345
2023-06-14,FOMC,worse,5.08,4.83,5.175983436853001,0.9321075820101221,0.6932584761680793,0.20625219142953455,1.217813698517345,-0.36716193988033385
2023-07-12,CPI,better,3.05925,3.1,-1.3145161290322602,0.24051194034939716,0.6742215156717579,0.7411145100759908,0.8470179957783319,-0.10243811584819129
2023-07-26,FOMC,inline,5.08,5.08,0.0,0.4034089155574794,0.2814712029929778,0.15878899267685043,-0.6424700279192064,0.9877881875342887
2023-08-10,CPI,better,3.28033,3.3000000000000003,-0.5960606060606083,-0.42182700223970526,-0.7038747560775049,0.025068771249703303,-0.10696312010077813,0.5750383620255262
2023-09-13,CPI,worse,3.71864,3.6,3.2955555555555702,0.6723514803174124,-0.5695872498027943,0.12416235236110129,0.8429883781315706,-1.2159552507158722
2023-09-20,FOMC,worse,5.33,5.08,4.921259842519684,0.07212964460983073,-0.21511026084926055,-0.8892991422203234,-1.6400890463858953,-0.22956120092377796
2023-10-12,CPI,worse,3.69508,3.6,2.641111111111119,0.5207972949908379,0.4293017364807916,-0.6246358765807258,-0.5018840769632216,1.0594346293018697
2023-11-01,FOMC,inline,5.33,5.33,0.0,1.2010093822027113,0.6474961721408823,0.45488269999784947,1.8858574846738696,0.9393716215277292
2023-11-14,CPI,better,3.24654,3.3000000000000003,-1.6200000000000083,-0.08357416584374722,-0.08357416584374722,1.907492831317792,0.1597081655804411,0.11903492875668942
2023-12-12,CPI,worse,3.13986,3.1,1.2858064516129035,0.3924532563629679,0.3924532563629679,0.4599302532861449,1.3650752632599072,0.2647070695482867
2023-12-13,FOMC,inline,5.33,5.33,0.0,0.3924532563629679,0.4599302532861449,1.0376173866380567,0.2647070695482867,-0.007627845875146644
2024-01-11,CPI,worse,3.3222,3.2,3.818749999999996,-0.1477892491718369,0.5665930831493693,-0.0671063771963798,0.07510083175741311,-0.37313198838587747
2024-01-31,FOMC,worse,5.33,0.25,2032.0,0.7556783214781593,-0.060065788272156695,-0.6874091806221894,1.2493679898465615,1.068446187367389
2024-02-13,CPI,worse,3.10794,2.9000000000000004,7.170344827586199,-0.09489496897510108,-0.09489496897510108,-1.3674270785210219,0.957972369210025,0.5821278161507903
2024-03-12,CPI,worse,3.16642,3.1,2.142580645161288,-0.1122238074512727,-0.1122238074512727,1.1201772588189884,-0.1924537270519222,-0.2871076469757039
2024-03-20,FOMC,inline,5.33,5.33,0.0,0.6318044044564486,0.5649179907640134,0.7851201407429009,0.3236599025383535,-0.14022623165372838
2024-04-10,CPI,worse,3.469,3.4000000000000004,2.029411764705868,-0.037468728023148934,0.1445489476951778,-0.9456977183866844,0.7444813046443954,-1.4550707243232486
2024-05-01,FOMC,inline,5.33,5.33,0.0,0.3178456301617949,-1.5730517164206925,-0.30434808520951595,0.9128425650457572,1.2556771059594851
2024-05-15,CPI,better,3.35405,3.4000000000000004,-1.351470588235305,-0.024125544739483917,0.4837764439558523,1.1715980391409309,-0.20817045486656305,0.11647882803798026
2024-06-12,CPI,better,3.23887,3.4000000000000004,-4.739117647058836,0.25808913052016713,0.271042141176947,0.8503679780924589,0.23445728948188194,-0.0393835553412436
2024-06-12,FOMC,inline,5.33,5.33,0.0,0.25808913052016713,0.271042141176947,-0.07410069953273091,0.23445728948188194,-0.0393835553412436
2024-07-11,CPI,better,2.97009,3.1,-4.190645161290329,0.07410929775606423,1.0208033738690059,-0.8763008283767415,0.5517016620885551,0.2826181805230199
2024-07-31,FOMC,inline,5.33,5.33,0.0,0.0813320877067536,-0.4960154039322595,0.17759604971239185,-1.3693569708273734,-1.8381839946536194
2024-08-14,CPI,better,2.93846,3.0,-2.0513333333333312,0.004303763360380408,1.6847572875482442,0.38237680860733203,1.6133201104998829,0.19898181923141411
2024-09-11,CPI,worse,2.61091,2.5,4.436400000000003,1.158009178281283,0.44726332239699573,1.0665050805019227,0.7495323299958834,0.5407665804108897
2024-09-18,FOMC,inline,5.33,5.33,0.0,0.12566610143582846,0.026450846693371055,-1.0289483094842566,1.6976786407179478,-0.19409693295342478
2024-10-10,CPI,worse,2.43254,2.3,5.762608695652179,0.968935768284096,0.7113384673968381,-0.20700823889336917,0.605185076253667,0.7707612858403268
2024-11-07,FOMC,better,4.83,5.33,-9.380863039399625,1.2265675189796932,2.5295879476236127,0.13495276653172628,0.37568431802581514,0.0969053663222974
2024-11-13,CPI,better,2.5714,2.6,-1.0999999999999983,0.0969053663222974,-0.2892682479775477,0.023228648443596178,-0.6049741202730607,-1.3203522508181798
2024-12-11,CPI,worse,2.71417,2.7,0.5248148148148154,-0.6144226774839168,-0.29638930421207466,0.8165821859812183,-0.5414032106163646,-0.0026440818012729572
2024-12-18,FOMC,better,4.58,4.83,-5.175983436853001,0.379931549522472,-0.38639596449174807,-2.8871755689842793,-0.08650990436227524,1.0869120584686254
